{ "height":16,
 "infinite":true,
 "layers":[
        {
         "chunks":[],
         "height":0,
         "name":"Tile Layer 1",
         "opacity":1,
         "startx":0,
         "starty":0,
         "type":"tilelayer",
         "visible":true,
         "width":0,
         "x":0,
         "y":0
        }, 
        {
         "draworder":"topdown",
         "name":"geometry",
         "objects":[
                {
                 "height":0,
                 "id":1,
                 "name":"0",
                 "point":true,
                 "rotation":0,
                 "type":"",
                 "visible":true,
                 "width":0,
                 "x":-448,
                 "y":-1600
                }, 
                {
                 "height":0,
                 "id":73,
                 "name":"",
                 "polygon":[
                        {
                         "x":0,
                         "y":0
                        }, 
                        {
                         "x":0,
                         "y":64
                        }, 
                        {
                         "x":-96,
                         "y":64
                        }, 
                        {
                         "x":-96,
                         "y":448
                        }, 
                        {
                         "x":-416,
                         "y":448
                        }, 
                        {
                         "x":-448,
                         "y":384
                        }, 
                        {
                         "x":-768,
                         "y":384
                        }, 
                        {
                         "x":-864,
                         "y":512
                        }, 
                        {
                         "x":-864,
                         "y":608
                        }, 
                        {
                         "x":-1088,
                         "y":608
                        }, 
                        {
                         "x":-1088,
                         "y":992
                        }, 
                        {
                         "x":-960,
                         "y":992
                        }, 
                        {
                         "x":-960,
                         "y":1088
                        }, 
                        {
                         "x":-800,
                         "y":1376
                        }, 
                        {
                         "x":-704,
                         "y":1376
                        }, 
                        {
                         "x":-704,
                         "y":1536
                        }, 
                        {
                         "x":-384,
                         "y":1536
                        }, 
                        {
                         "x":-320,
                         "y":1376
                        }, 
                        {
                         "x":-256,
                         "y":1376
                        }, 
                        {
                         "x":-64,
                         "y":1600
                        }, 
                        {
                         "x":32,
                         "y":1600
                        }, 
                        {
                         "x":32,
                         "y":1856
                        }, 
                        {
                         "x":-1216,
                         "y":1856
                        }, 
                        {
                         "x":-1216,
                         "y":1280
                        }, 
                        {
                         "x":-1408,
                         "y":1280
                        }, 
                        {
                         "x":-1408,
                         "y":160
                        }, 
                        {
                         "x":-736,
                         "y":160
                        }, 
                        {
                         "x":-736,
                         "y":0
                        }, 
                        {
                         "x":0,
                         "y":0
                        }],
                 "properties":
                    {
                     "strokeColor":"#B6C948",
                     "strokeLength":"12",
                     "texture":"wall"
                    },
                 "propertytypes":
                    {
                     "strokeColor":"string",
                     "strokeLength":"string",
                     "texture":"string"
                    },
                 "rotation":0,
                 "type":"",
                 "visible":true,
                 "width":0,
                 "x":64,
                 "y":-3008
                }, 
                {
                 "height":0,
                 "id":74,
                 "name":"",
                 "polygon":[
                        {
                         "x":0,
                         "y":0
                        }, 
                        {
                         "x":128,
                         "y":0
                        }, 
                        {
                         "x":224,
                         "y":-64
                        }, 
                        {
                         "x":576,
                         "y":-64
                        }, 
                        {
                         "x":576,
                         "y":96
                        }, 
                        {
                         "x":896,
                         "y":96
                        }, 
                        {
                         "x":1024,
                         "y":-224
                        }, 
                        {
                         "x":1024,
                         "y":-608
                        }, 
                        {
                         "x":832,
                         "y":-608
                        }, 
                        {
                         "x":832,
                         "y":-928
                        }, 
                        {
                         "x":1088,
                         "y":-928
                        }, 
                        {
                         "x":1152,
                         "y":-1120
                        }, 
                        {
                         "x":1152,
                         "y":-1472
                        }, 
                        {
                         "x":832,
                         "y":-1472
                        }, 
                        {
                         "x":800,
                         "y":-1408
                        }, 
                        {
                         "x":512,
                         "y":-1408
                        }, 
                        {
                         "x":512,
                         "y":-1504
                        }, 
                        {
                         "x":256,
                         "y":-1504
                        }, 
                        {
                         "x":256,
                         "y":-1152
                        }, 
                        {
                         "x":160,
                         "y":-1152
                        }, 
                        {
                         "x":160,
                         "y":-1536
                        }, 
                        {
                         "x":-32,
                         "y":-1536
                        }, 
                        {
                         "x":-32,
                         "y":-1600
                        }, 
                        {
                         "x":256,
                         "y":-1600
                        }, 
                        {
                         "x":416,
                         "y":-1824
                        }, 
                        {
                         "x":1440,
                         "y":-1824
                        }, 
                        {
                         "x":1472,
                         "y":256
                        }, 
                        {
                         "x":0,
                         "y":256
                        }, 
                        {
                         "x":0,
                         "y":0
                        }],
                 "properties":
                    {
                     "strokeColor":"#B6C948",
                     "strokeLength":12,
                     "texture":"wall"
                    },
                 "propertytypes":
                    {
                     "strokeColor":"string",
                     "strokeLength":"int",
                     "texture":"string"
                    },
                 "rotation":0,
                 "type":"",
                 "visible":true,
                 "width":0,
                 "x":96,
                 "y":-1408
                }, 
                {
                 "height":0,
                 "id":77,
                 "name":"",
                 "polygon":[
                        {
                         "x":0,
                         "y":0
                        }, 
                        {
                         "x":-96,
                         "y":96
                        }, 
                        {
                         "x":-512,
                         "y":96
                        }, 
                        {
                         "x":-576,
                         "y":0
                        }, 
                        {
                         "x":-736,
                         "y":0
                        }, 
                        {
                         "x":-736,
                         "y":192
                        }, 
                        {
                         "x":-640,
                         "y":288
                        }, 
                        {
                         "x":64,
                         "y":288
                        }, 
                        {
                         "x":64,
                         "y":0
                        }, 
                        {
                         "x":0,
                         "y":0
                        }],
                 "properties":
                    {
                     "strokeColor":"#B6C948",
                     "strokeLength":12,
                     "texture":"wall"
                    },
                 "propertytypes":
                    {
                     "strokeColor":"string",
                     "strokeLength":"int",
                     "texture":"string"
                    },
                 "rotation":0,
                 "type":"",
                 "visible":true,
                 "width":0,
                 "x":192,
                 "y":-2336
                }, 
                {
                 "height":0,
                 "id":83,
                 "name":"",
                 "polygon":[
                        {
                         "x":0,
                         "y":0
                        }, 
                        {
                         "x":0,
                         "y":192
                        }, 
                        {
                         "x":192,
                         "y":192
                        }, 
                        {
                         "x":192,
                         "y":320
                        }, 
                        {
                         "x":288,
                         "y":320
                        }, 
                        {
                         "x":288,
                         "y":0
                        }, 
                        {
                         "x":0,
                         "y":0
                        }],
                 "properties":
                    {
                     "strokeColor":"#B6C948",
                     "strokeLength":12,
                     "texture":"wall"
                    },
                 "propertytypes":
                    {
                     "strokeColor":"string",
                     "strokeLength":"int",
                     "texture":"string"
                    },
                 "rotation":0,
                 "type":"",
                 "visible":true,
                 "width":0,
                 "x":480,
                 "y":-2336
                }, 
                {
                 "height":0,
                 "id":84,
                 "name":"",
                 "polygon":[
                        {
                         "x":0,
                         "y":0
                        }, 
                        {
                         "x":128,
                         "y":256
                        }, 
                        {
                         "x":224,
                         "y":256
                        }, 
                        {
                         "x":224,
                         "y":128
                        }, 
                        {
                         "x":96,
                         "y":0
                        }, 
                        {
                         "x":0,
                         "y":0
                        }],
                 "properties":
                    {
                     "strokeColor":"#B6C948",
                     "strokeLength":12,
                     "texture":"wall"
                    },
                 "propertytypes":
                    {
                     "strokeColor":"string",
                     "strokeLength":"int",
                     "texture":"string"
                    },
                 "rotation":0,
                 "type":"",
                 "visible":true,
                 "width":0,
                 "x":-736,
                 "y":-2016
                }, 
                {
                 "height":0,
                 "id":90,
                 "name":"",
                 "polygon":[
                        {
                         "x":0,
                         "y":0
                        }, 
                        {
                         "x":-128,
                         "y":0
                        }, 
                        {
                         "x":-128,
                         "y":96
                        }, 
                        {
                         "x":0,
                         "y":96
                        }, 
                        {
                         "x":0,
                         "y":0
                        }],
                 "properties":
                    {
                     "strokeColor":"#B6C948",
                     "strokeLength":12,
                     "texture":"wall"
                    },
                 "propertytypes":
                    {
                     "strokeColor":"string",
                     "strokeLength":"int",
                     "texture":"string"
                    },
                 "rotation":0,
                 "type":"",
                 "visible":true,
                 "width":0,
                 "x":32,
                 "y":-1888
                }, 
                {
                 "height":0,
                 "id":91,
                 "name":"",
                 "polygon":[
                        {
                         "x":0,
                         "y":0
                        }, 
                        {
                         "x":-96,
                         "y":0
                        }, 
                        {
                         "x":-96,
                         "y":256
                        }, 
                        {
                         "x":0,
                         "y":256
                        }, 
                        {
                         "x":0,
                         "y":0
                        }],
                 "properties":
                    {
                     "strokeColor":"#B6C948",
                     "strokeLength":12,
                     "texture":"wall"
                    },
                 "propertytypes":
                    {
                     "strokeColor":"string",
                     "strokeLength":"int",
                     "texture":"string"
                    },
                 "rotation":0,
                 "type":"",
                 "visible":true,
                 "width":0,
                 "x":480,
                 "y":-1952
                }, 
                {
                 "height":0,
                 "id":92,
                 "name":"",
                 "polygon":[
                        {
                         "x":0,
                         "y":0
                        }, 
                        {
                         "x":-96,
                         "y":0
                        }, 
                        {
                         "x":-96,
                         "y":224
                        }, 
                        {
                         "x":0,
                         "y":224
                        }, 
                        {
                         "x":0,
                         "y":0
                        }],
                 "properties":
                    {
                     "strokeColor":"#B6C948",
                     "strokeLength":12,
                     "texture":"wall"
                    },
                 "propertytypes":
                    {
                     "strokeColor":"string",
                     "strokeLength":"int",
                     "texture":"string"
                    },
                 "rotation":0,
                 "type":"",
                 "visible":true,
                 "width":0,
                 "x":896,
                 "y":-1824
                }, 
                {
                 "height":0,
                 "id":93,
                 "name":"",
                 "polygon":[
                        {
                         "x":0,
                         "y":0
                        }, 
                        {
                         "x":-192,
                         "y":0
                        }, 
                        {
                         "x":-192,
                         "y":96
                        }, 
                        {
                         "x":0,
                         "y":96
                        }, 
                        {
                         "x":0,
                         "y":0
                        }],
                 "properties":
                    {
                     "strokeColor":"#B6C948",
                     "strokeLength":12,
                     "texture":"wall"
                    },
                 "propertytypes":
                    {
                     "strokeColor":"string",
                     "strokeLength":"int",
                     "texture":"string"
                    },
                 "rotation":0,
                 "type":"",
                 "visible":true,
                 "width":0,
                 "x":960,
                 "y":-2624
                }],
         "opacity":1,
         "type":"objectgroup",
         "visible":true,
         "x":0,
         "y":0
        }, 
        {
         "draworder":"topdown",
         "name":"mobs",
         "objects":[
                {
                 "height":0,
                 "id":16,
                 "name":"PLAYER SPAWN",
                 "point":true,
                 "properties":
                    {
                     "mob":"player"
                    },
                 "propertytypes":
                    {
                     "mob":"string"
                    },
                 "rotation":0,
                 "type":"",
                 "visible":true,
                 "width":0,
                 "x":128,
                 "y":-2784
                }, 
                {
                 "height":0,
                 "id":17,
                 "name":"",
                 "point":true,
                 "properties":
                    {
                     "mob":"basic",
                     "spawnTime":10
                    },
                 "propertytypes":
                    {
                     "mob":"string",
                     "spawnTime":"int"
                    },
                 "rotation":0,
                 "type":"",
                 "visible":true,
                 "width":0,
                 "x":-128,
                 "y":-2304
                }, 
                {
                 "height":0,
                 "id":18,
                 "name":"",
                 "point":true,
                 "properties":
                    {
                     "mob":"basic",
                     "spawnTime":5
                    },
                 "propertytypes":
                    {
                     "mob":"string",
                     "spawnTime":"int"
                    },
                 "rotation":0,
                 "type":"",
                 "visible":true,
                 "width":0,
                 "x":480,
                 "y":-2784
                }, 
                {
                 "height":0,
                 "id":19,
                 "name":"BASIC MOB",
                 "point":true,
                 "properties":
                    {
                     "mob":"basic",
                     "spawnTime":5
                    },
                 "propertytypes":
                    {
                     "mob":"string",
                     "spawnTime":"int"
                    },
                 "rotation":0,
                 "type":"",
                 "visible":true,
                 "width":0,
                 "x":128,
                 "y":-1504
                }, 
                {
                 "height":0,
                 "id":20,
                 "name":"",
                 "point":true,
                 "properties":
                    {
                     "mob":"basic",
                     "spawnTime":15
                    },
                 "propertytypes":
                    {
                     "mob":"string",
                     "spawnTime":"int"
                    },
                 "rotation":0,
                 "type":"",
                 "visible":true,
                 "width":0,
                 "x":832,
                 "y":-1408
                }, 
                {
                 "height":0,
                 "id":21,
                 "name":"",
                 "point":true,
                 "properties":
                    {
                     "mob":"basic",
                     "spawnTime":50
                    },
                 "propertytypes":
                    {
                     "mob":"string",
                     "spawnTime":"int"
                    },
                 "rotation":0,
                 "type":"",
                 "visible":true,
                 "width":0,
                 "x":1056,
                 "y":-2432
                }, 
                {
                 "height":0,
                 "id":22,
                 "name":"",
                 "point":true,
                 "properties":
                    {
                     "mob":"basic",
                     "spawnTime":10
                    },
                 "propertytypes":
                    {
                     "mob":"string",
                     "spawnTime":"int"
                    },
                 "rotation":0,
                 "type":"",
                 "visible":true,
                 "width":0,
                 "x":-672,
                 "y":-2496
                }, 
                {
                 "height":0,
                 "id":23,
                 "name":"",
                 "point":true,
                 "properties":
                    {
                     "mob":"basic",
                     "spawnTime":10
                    },
                 "propertytypes":
                    {
                     "mob":"string",
                     "spawnTime":"int"
                    },
                 "rotation":0,
                 "type":"",
                 "visible":true,
                 "width":0,
                 "x":1024,
                 "y":-1888
                }, 
                {
                 "height":0,
                 "id":24,
                 "name":"",
                 "point":true,
                 "properties":
                    {
                     "mob":"basic",
                     "spawnTime":10
                    },
                 "propertytypes":
                    {
                     "mob":"string",
                     "spawnTime":"int"
                    },
                 "rotation":0,
                 "type":"",
                 "visible":true,
                 "width":0,
                 "x":576,
                 "y":-2048
                }, 
                {
                 "height":0,
                 "id":45,
                 "name":"BASIC MOB",
                 "point":true,
                 "properties":
                    {
                     "mob":"basic",
                     "spawnTime":5
                    },
                 "propertytypes":
                    {
                     "mob":"string",
                     "spawnTime":"int"
                    },
                 "rotation":0,
                 "type":"",
                 "visible":true,
                 "width":0,
                 "x":-928,
                 "y":-2080
                }, 
                {
                 "height":0,
                 "id":49,
                 "name":"BASIC MOB",
                 "point":true,
                 "properties":
                    {
                     "mob":"basic",
                     "spawnTime":5
                    },
                 "propertytypes":
                    {
                     "mob":"string",
                     "spawnTime":"int"
                    },
                 "rotation":0,
                 "type":"",
                 "visible":true,
                 "width":0,
                 "x":-928,
                 "y":-2240
                }, 
                {
                 "height":0,
                 "id":50,
                 "name":"BASIC MOB",
                 "point":true,
                 "properties":
                    {
                     "mob":"basic",
                     "spawnTime":5
                    },
                 "propertytypes":
                    {
                     "mob":"string",
                     "spawnTime":"int"
                    },
                 "rotation":0,
                 "type":"",
                 "visible":true,
                 "width":0,
                 "x":576,
                 "y":-1568
                }, 
                {
                 "height":0,
                 "id":46,
                 "name":"BASIC MOB",
                 "point":true,
                 "properties":
                    {
                     "mob":"basic",
                     "spawnTime":5
                    },
                 "propertytypes":
                    {
                     "mob":"string",
                     "spawnTime":"int"
                    },
                 "rotation":0,
                 "type":"",
                 "visible":true,
                 "width":0,
                 "x":1088,
                 "y":-2720
                }],
         "opacity":1,
         "type":"objectgroup",
         "visible":true,
         "x":0,
         "y":0
        }, 
        {
         "draworder":"topdown",
         "name":"navmesh",
         "objects":[
                {
                 "height":0,
                 "id":26,
                 "name":"",
                 "point":true,
                 "rotation":0,
                 "type":"",
                 "visible":true,
                 "width":0,
                 "x":160,
                 "y":-1632
                }, 
                {
                 "height":0,
                 "id":28,
                 "name":"",
                 "point":true,
                 "rotation":0,
                 "type":"",
                 "visible":true,
                 "width":0,
                 "x":640,
                 "y":-1760
                }, 
                {
                 "height":0,
                 "id":30,
                 "name":"",
                 "point":true,
                 "rotation":0,
                 "type":"",
                 "visible":true,
                 "width":0,
                 "x":-256,
                 "y":-1856
                }, 
                {
                 "height":0,
                 "id":32,
                 "name":"",
                 "point":true,
                 "rotation":0,
                 "type":"",
                 "visible":true,
                 "width":0,
                 "x":-192,
                 "y":-2368
                }, 
                {
                 "height":0,
                 "id":33,
                 "name":"",
                 "point":true,
                 "rotation":0,
                 "type":"",
                 "visible":true,
                 "width":0,
                 "x":1088,
                 "y":-2720
                }, 
                {
                 "height":0,
                 "id":34,
                 "name":"",
                 "point":true,
                 "rotation":0,
                 "type":"",
                 "visible":true,
                 "width":0,
                 "x":128,
                 "y":-2464
                }, 
                {
                 "height":0,
                 "id":39,
                 "name":"",
                 "point":true,
                 "rotation":0,
                 "type":"",
                 "visible":true,
                 "width":0,
                 "x":-864,
                 "y":-2208
                }, 
                {
                 "height":0,
                 "id":40,
                 "name":"",
                 "point":true,
                 "rotation":0,
                 "type":"",
                 "visible":true,
                 "width":0,
                 "x":544,
                 "y":-2656
                }, 
                {
                 "height":0,
                 "id":41,
                 "name":"",
                 "point":true,
                 "rotation":0,
                 "type":"",
                 "visible":true,
                 "width":0,
                 "x":576,
                 "y":-2464
                }, 
                {
                 "height":0,
                 "id":42,
                 "name":"",
                 "point":true,
                 "rotation":0,
                 "type":"",
                 "visible":true,
                 "width":0,
                 "x":-640,
                 "y":-2432
                }, 
                {
                 "height":0,
                 "id":88,
                 "name":"",
                 "point":true,
                 "rotation":0,
                 "type":"",
                 "visible":true,
                 "width":0,
                 "x":864,
                 "y":-1440
                }, 
                {
                 "height":0,
                 "id":89,
                 "name":"",
                 "point":true,
                 "rotation":0,
                 "type":"",
                 "visible":true,
                 "width":0,
                 "x":992,
                 "y":-1856
                }, 
                {
                 "height":0,
                 "id":94,
                 "name":"",
                 "point":true,
                 "rotation":0,
                 "type":"",
                 "visible":true,
                 "width":0,
                 "x":-96,
                 "y":-2464
                }, 
                {
                 "height":0,
                 "id":95,
                 "name":"",
                 "point":true,
                 "rotation":0,
                 "type":"",
                 "visible":true,
                 "width":0,
                 "x":320,
                 "y":-2464
                }, 
                {
                 "height":0,
                 "id":96,
                 "name":"",
                 "point":true,
                 "rotation":0,
                 "type":"",
                 "visible":true,
                 "width":0,
                 "x":384,
                 "y":-2208
                }, 
                {
                 "height":0,
                 "id":97,
                 "name":"",
                 "point":true,
                 "rotation":0,
                 "type":"",
                 "visible":true,
                 "width":0,
                 "x":224,
                 "y":-1952
                }, 
                {
                 "height":0,
                 "id":98,
                 "name":"",
                 "point":true,
                 "rotation":0,
                 "type":"",
                 "visible":true,
                 "width":0,
                 "x":-32,
                 "y":-1952
                }, 
                {
                 "height":0,
                 "id":99,
                 "name":"",
                 "point":true,
                 "rotation":0,
                 "type":"",
                 "visible":true,
                 "width":0,
                 "x":-544,
                 "y":-2016
                }, 
                {
                 "height":0,
                 "id":100,
                 "name":"",
                 "point":true,
                 "rotation":0,
                 "type":"",
                 "visible":true,
                 "width":0,
                 "x":-416,
                 "y":-1920
                }, 
                {
                 "height":0,
                 "id":101,
                 "name":"",
                 "point":true,
                 "rotation":0,
                 "type":"",
                 "visible":true,
                 "width":0,
                 "x":-672,
                 "y":-2176
                }, 
                {
                 "height":0,
                 "id":102,
                 "name":"",
                 "point":true,
                 "rotation":0,
                 "type":"",
                 "visible":true,
                 "width":0,
                 "x":-768,
                 "y":-1856
                }, 
                {
                 "height":0,
                 "id":103,
                 "name":"",
                 "point":true,
                 "rotation":0,
                 "type":"",
                 "visible":true,
                 "width":0,
                 "x":-608,
                 "y":-1664
                }, 
                {
                 "height":0,
                 "id":104,
                 "name":"",
                 "point":true,
                 "rotation":0,
                 "type":"",
                 "visible":true,
                 "width":0,
                 "x":-832,
                 "y":-2048
                }, 
                {
                 "height":0,
                 "id":105,
                 "name":"",
                 "point":true,
                 "rotation":0,
                 "type":"",
                 "visible":true,
                 "width":0,
                 "x":864,
                 "y":-2400
                }, 
                {
                 "height":0,
                 "id":106,
                 "name":"",
                 "point":true,
                 "rotation":0,
                 "type":"",
                 "visible":true,
                 "width":0,
                 "x":864,
                 "y":-2112
                }, 
                {
                 "height":0,
                 "id":107,
                 "name":"",
                 "point":true,
                 "rotation":0,
                 "type":"",
                 "visible":true,
                 "width":0,
                 "x":864,
                 "y":-1952
                }, 
                {
                 "height":0,
                 "id":108,
                 "name":"",
                 "point":true,
                 "rotation":0,
                 "type":"",
                 "visible":true,
                 "width":0,
                 "x":832,
                 "y":-2720
                }, 
                {
                 "height":0,
                 "id":109,
                 "name":"",
                 "point":true,
                 "rotation":0,
                 "type":"",
                 "visible":true,
                 "width":0,
                 "x":-416,
                 "y":-2432
                }],
         "opacity":1,
         "type":"objectgroup",
         "visible":true,
         "x":0,
         "y":0
        }, 
        {
         "draworder":"topdown",
         "name":"Templates",
         "objects":[],
         "opacity":1,
         "type":"objectgroup",
         "visible":true,
         "x":0,
         "y":0
        }],
 "nextobjectid":110,
 "orientation":"orthogonal",
 "renderorder":"right-down",
 "tiledversion":"2017.11.22",
 "tileheight":32,
 "tilesets":[],
 "tilewidth":32,
 "type":"map",
 "version":1,
 "width":16
}