{ "height":16,
 "infinite":true,
 "layers":[
        {
         "chunks":[],
         "height":0,
         "name":"Tile Layer 1",
         "opacity":1,
         "startx":0,
         "starty":0,
         "type":"tilelayer",
         "visible":false,
         "width":0,
         "x":0,
         "y":0
        }, 
        {
         "draworder":"topdown",
         "name":"geometry",
         "objects":[
                {
                 "height":0,
                 "id":279,
                 "name":"",
                 "polygon":[
                        {
                         "x":0,
                         "y":0
                        }, 
                        {
                         "x":128,
                         "y":0
                        }, 
                        {
                         "x":96,
                         "y":64
                        }, 
                        {
                         "x":32,
                         "y":64
                        }],
                 "rotation":0,
                 "type":"",
                 "visible":true,
                 "width":0,
                 "x":-288,
                 "y":-160
                }, 
                {
                 "height":0,
                 "id":280,
                 "name":"",
                 "polygon":[
                        {
                         "x":0,
                         "y":0
                        }, 
                        {
                         "x":320,
                         "y":0
                        }, 
                        {
                         "x":320,
                         "y":224
                        }, 
                        {
                         "x":416,
                         "y":320
                        }, 
                        {
                         "x":416,
                         "y":-96
                        }, 
                        {
                         "x":-96,
                         "y":-96
                        }, 
                        {
                         "x":-96,
                         "y":320
                        }, 
                        {
                         "x":0,
                         "y":224
                        }],
                 "rotation":0,
                 "type":"",
                 "visible":true,
                 "width":0,
                 "x":-384,
                 "y":-256
                }, 
                {
                 "height":0,
                 "id":281,
                 "name":"",
                 "polygon":[
                        {
                         "x":0,
                         "y":0
                        }, 
                        {
                         "x":896,
                         "y":0
                        }, 
                        {
                         "x":896,
                         "y":96
                        }, 
                        {
                         "x":0,
                         "y":96
                        }],
                 "rotation":0,
                 "type":"",
                 "visible":true,
                 "width":0,
                 "x":-672,
                 "y":160
                }, 
                {
                 "height":0,
                 "id":282,
                 "name":"",
                 "polygon":[
                        {
                         "x":0,
                         "y":0
                        }, 
                        {
                         "x":0,
                         "y":-512
                        }, 
                        {
                         "x":96,
                         "y":-512
                        }, 
                        {
                         "x":96,
                         "y":0
                        }],
                 "rotation":0,
                 "type":"",
                 "visible":true,
                 "width":0,
                 "x":128,
                 "y":160
                }, 
                {
                 "height":0,
                 "id":283,
                 "name":"",
                 "polygon":[
                        {
                         "x":0,
                         "y":0
                        }, 
                        {
                         "x":0,
                         "y":-512
                        }, 
                        {
                         "x":-96,
                         "y":-512
                        }, 
                        {
                         "x":-96,
                         "y":0
                        }],
                 "rotation":0,
                 "type":"",
                 "visible":true,
                 "width":0,
                 "x":-576,
                 "y":160
                }, 
                {
                 "height":0,
                 "id":284,
                 "name":"",
                 "polygon":[
                        {
                         "x":0,
                         "y":0
                        }, 
                        {
                         "x":0,
                         "y":64
                        }, 
                        {
                         "x":1088,
                         "y":64
                        }, 
                        {
                         "x":1088,
                         "y":0
                        }],
                 "rotation":0,
                 "type":"",
                 "visible":true,
                 "width":0,
                 "x":-768,
                 "y":-544
                }, 
                {
                 "height":0,
                 "id":285,
                 "name":"",
                 "polygon":[
                        {
                         "x":0,
                         "y":0
                        }, 
                        {
                         "x":-96,
                         "y":128
                        }, 
                        {
                         "x":0,
                         "y":128
                        }],
                 "rotation":0,
                 "type":"",
                 "visible":true,
                 "width":0,
                 "x":320,
                 "y":-480
                }, 
                {
                 "height":0,
                 "id":287,
                 "name":"",
                 "polygon":[
                        {
                         "x":0,
                         "y":0
                        }, 
                        {
                         "x":0,
                         "y":128
                        }, 
                        {
                         "x":96,
                         "y":128
                        }],
                 "rotation":0,
                 "type":"",
                 "visible":true,
                 "width":0,
                 "x":-768,
                 "y":-480
                }, 
                {
                 "height":0,
                 "id":288,
                 "name":"",
                 "polygon":[
                        {
                         "x":0,
                         "y":0
                        }, 
                        {
                         "x":0,
                         "y":-32
                        }, 
                        {
                         "x":32,
                         "y":-32
                        }],
                 "rotation":0,
                 "type":"",
                 "visible":true,
                 "width":0,
                 "x":-384,
                 "y":-224
                }, 
                {
                 "height":0,
                 "id":289,
                 "name":"",
                 "polygon":[
                        {
                         "x":0,
                         "y":0
                        }, 
                        {
                         "x":32,
                         "y":0
                        }, 
                        {
                         "x":32,
                         "y":32
                        }],
                 "rotation":0,
                 "type":"",
                 "visible":true,
                 "width":0,
                 "x":-96,
                 "y":-256
                }, 
                {
                 "height":0,
                 "id":290,
                 "name":"",
                 "polygon":[
                        {
                         "x":0,
                         "y":0
                        }, 
                        {
                         "x":32,
                         "y":-32
                        }, 
                        {
                         "x":32,
                         "y":0
                        }],
                 "rotation":0,
                 "type":"",
                 "visible":true,
                 "width":0,
                 "x":96,
                 "y":160
                }, 
                {
                 "height":0,
                 "id":291,
                 "name":"",
                 "polygon":[
                        {
                         "x":0,
                         "y":0
                        }, 
                        {
                         "x":32,
                         "y":32
                        }, 
                        {
                         "x":0,
                         "y":32
                        }],
                 "rotation":0,
                 "type":"",
                 "visible":true,
                 "width":0,
                 "x":-576,
                 "y":128
                }],
         "opacity":1,
         "type":"objectgroup",
         "visible":true,
         "x":0,
         "y":0
        }, 
        {
         "draworder":"topdown",
         "name":"mobs",
         "objects":[
                {
                 "height":0,
                 "id":58,
                 "name":"PLAYER SPAWN",
                 "point":true,
                 "properties":
                    {
                     "mob":"player"
                    },
                 "propertytypes":
                    {
                     "mob":"string"
                    },
                 "rotation":0,
                 "type":"",
                 "visible":true,
                 "width":0,
                 "x":-224,
                 "y":-192
                }, 
                {
                 "height":0,
                 "id":59,
                 "name":"round 1",
                 "point":true,
                 "properties":
                    {
                     "mob":"basic",
                     "round":"1",
                     "spawnTime":5
                    },
                 "propertytypes":
                    {
                     "mob":"string",
                     "round":"string",
                     "spawnTime":"int"
                    },
                 "rotation":0,
                 "type":"",
                 "visible":true,
                 "width":0,
                 "x":-608,
                 "y":-384
                }, 
                {
                 "height":0,
                 "id":116,
                 "name":"BASIC MOB",
                 "point":true,
                 "properties":
                    {
                     "mob":"basic",
                     "round":"0",
                     "spawnTime":5
                    },
                 "propertytypes":
                    {
                     "mob":"string",
                     "round":"string",
                     "spawnTime":"int"
                    },
                 "rotation":0,
                 "type":"",
                 "visible":true,
                 "width":0,
                 "x":160,
                 "y":-384
                }, 
                {
                 "height":0,
                 "id":117,
                 "name":"round 1",
                 "point":true,
                 "properties":
                    {
                     "mob":"basic",
                     "round":"1",
                     "spawnTime":5
                    },
                 "propertytypes":
                    {
                     "mob":"string",
                     "round":"string",
                     "spawnTime":"int"
                    },
                 "rotation":0,
                 "type":"",
                 "visible":true,
                 "width":0,
                 "x":-96,
                 "y":-416
                }, 
                {
                 "height":0,
                 "id":118,
                 "name":"BASIC MOB",
                 "point":true,
                 "properties":
                    {
                     "mob":"basic",
                     "round":"0",
                     "spawnTime":5
                    },
                 "propertytypes":
                    {
                     "mob":"string",
                     "round":"string",
                     "spawnTime":"int"
                    },
                 "rotation":0,
                 "type":"",
                 "visible":true,
                 "width":0,
                 "x":-352,
                 "y":-416
                }, 
                {
                 "height":0,
                 "id":124,
                 "name":"round 2",
                 "point":true,
                 "properties":
                    {
                     "mob":"basic",
                     "round":"2",
                     "spawnTime":15
                    },
                 "propertytypes":
                    {
                     "mob":"string",
                     "round":"string",
                     "spawnTime":"int"
                    },
                 "rotation":0,
                 "type":"",
                 "visible":true,
                 "width":0,
                 "x":-352,
                 "y":-384
                }, 
                {
                 "height":0,
                 "id":125,
                 "name":"BASIC MOB",
                 "point":true,
                 "properties":
                    {
                     "mob":"basic",
                     "round":"1",
                     "spawnTime":10
                    },
                 "propertytypes":
                    {
                     "mob":"string",
                     "round":"string",
                     "spawnTime":"int"
                    },
                 "rotation":0,
                 "type":"",
                 "visible":true,
                 "width":0,
                 "x":-640,
                 "y":-416
                }, 
                {
                 "height":0,
                 "id":126,
                 "name":"BASIC MOB",
                 "point":true,
                 "properties":
                    {
                     "mob":"basic",
                     "round":"1",
                     "spawnTime":10
                    },
                 "propertytypes":
                    {
                     "mob":"string",
                     "round":"string",
                     "spawnTime":"int"
                    },
                 "rotation":0,
                 "type":"",
                 "visible":true,
                 "width":0,
                 "x":192,
                 "y":-416
                }, 
                {
                 "height":0,
                 "id":129,
                 "name":"BASIC MOB",
                 "point":true,
                 "properties":
                    {
                     "mob":"basic",
                     "round":"1",
                     "spawnTime":10
                    },
                 "propertytypes":
                    {
                     "mob":"string",
                     "round":"string",
                     "spawnTime":"int"
                    },
                 "rotation":0,
                 "type":"",
                 "visible":true,
                 "width":0,
                 "x":-384,
                 "y":-384
                }, 
                {
                 "height":0,
                 "id":130,
                 "name":"BASIC MOB",
                 "point":true,
                 "properties":
                    {
                     "mob":"basic",
                     "round":"1",
                     "spawnTime":10
                    },
                 "propertytypes":
                    {
                     "mob":"string",
                     "round":"string",
                     "spawnTime":"int"
                    },
                 "rotation":0,
                 "type":"",
                 "visible":true,
                 "width":0,
                 "x":-64,
                 "y":-384
                }, 
                {
                 "height":0,
                 "id":131,
                 "name":"BASIC MOB",
                 "point":true,
                 "properties":
                    {
                     "mob":"basic",
                     "round":"2",
                     "spawnTime":20
                    },
                 "propertytypes":
                    {
                     "mob":"string",
                     "round":"string",
                     "spawnTime":"int"
                    },
                 "rotation":0,
                 "type":"",
                 "visible":true,
                 "width":0,
                 "x":-384,
                 "y":-416
                }, 
                {
                 "height":0,
                 "id":132,
                 "name":"BASIC MOB",
                 "point":true,
                 "properties":
                    {
                     "mob":"basic",
                     "round":"2",
                     "spawnTime":20
                    },
                 "propertytypes":
                    {
                     "mob":"string",
                     "round":"string",
                     "spawnTime":"int"
                    },
                 "rotation":0,
                 "type":"",
                 "visible":true,
                 "width":0,
                 "x":-64,
                 "y":-416
                }, 
                {
                 "height":0,
                 "id":232,
                 "name":"round 1",
                 "point":true,
                 "properties":
                    {
                     "mob":"basic",
                     "round":"1",
                     "spawnTime":5
                    },
                 "propertytypes":
                    {
                     "mob":"string",
                     "round":"string",
                     "spawnTime":"int"
                    },
                 "rotation":0,
                 "type":"",
                 "visible":true,
                 "width":0,
                 "x":-352,
                 "y":-416
                }, 
                {
                 "height":0,
                 "id":233,
                 "name":"BASIC MOB",
                 "point":true,
                 "properties":
                    {
                     "mob":"basic",
                     "round":"0",
                     "spawnTime":5
                    },
                 "propertytypes":
                    {
                     "mob":"string",
                     "round":"string",
                     "spawnTime":"int"
                    },
                 "rotation":0,
                 "type":"",
                 "visible":true,
                 "width":0,
                 "x":-96,
                 "y":-416
                }, 
                {
                 "height":0,
                 "id":234,
                 "name":"round 1",
                 "point":true,
                 "properties":
                    {
                     "mob":"basic",
                     "round":"1",
                     "spawnTime":5
                    },
                 "propertytypes":
                    {
                     "mob":"string",
                     "round":"string",
                     "spawnTime":"int"
                    },
                 "rotation":0,
                 "type":"",
                 "visible":true,
                 "width":0,
                 "x":160,
                 "y":-384
                }, 
                {
                 "height":0,
                 "id":235,
                 "name":"BASIC MOB",
                 "point":true,
                 "properties":
                    {
                     "mob":"basic",
                     "round":"0",
                     "spawnTime":5
                    },
                 "propertytypes":
                    {
                     "mob":"string",
                     "round":"string",
                     "spawnTime":"int"
                    },
                 "rotation":0,
                 "type":"",
                 "visible":true,
                 "width":0,
                 "x":-608,
                 "y":-384
                }, 
                {
                 "height":0,
                 "id":236,
                 "name":"round 2",
                 "point":true,
                 "properties":
                    {
                     "mob":"basic",
                     "round":"2",
                     "spawnTime":5
                    },
                 "propertytypes":
                    {
                     "mob":"string",
                     "round":"string",
                     "spawnTime":"int"
                    },
                 "rotation":0,
                 "type":"",
                 "visible":true,
                 "width":0,
                 "x":-352,
                 "y":-416
                }, 
                {
                 "height":0,
                 "id":237,
                 "name":"round 2",
                 "point":true,
                 "properties":
                    {
                     "mob":"basic",
                     "round":"2",
                     "spawnTime":5
                    },
                 "propertytypes":
                    {
                     "mob":"string",
                     "round":"string",
                     "spawnTime":"int"
                    },
                 "rotation":0,
                 "type":"",
                 "visible":true,
                 "width":0,
                 "x":-608,
                 "y":-384
                }, 
                {
                 "height":0,
                 "id":238,
                 "name":"round 2",
                 "point":true,
                 "properties":
                    {
                     "mob":"basic",
                     "round":"2",
                     "spawnTime":5
                    },
                 "propertytypes":
                    {
                     "mob":"string",
                     "round":"string",
                     "spawnTime":"int"
                    },
                 "rotation":0,
                 "type":"",
                 "visible":true,
                 "width":0,
                 "x":-96,
                 "y":-416
                }, 
                {
                 "height":0,
                 "id":239,
                 "name":"round 2",
                 "point":true,
                 "properties":
                    {
                     "mob":"basic",
                     "round":"2",
                     "spawnTime":5
                    },
                 "propertytypes":
                    {
                     "mob":"string",
                     "round":"string",
                     "spawnTime":"int"
                    },
                 "rotation":0,
                 "type":"",
                 "visible":true,
                 "width":0,
                 "x":160,
                 "y":-384
                }, 
                {
                 "height":0,
                 "id":240,
                 "name":"round 2",
                 "point":true,
                 "properties":
                    {
                     "mob":"basic",
                     "round":"2",
                     "spawnTime":10
                    },
                 "propertytypes":
                    {
                     "mob":"string",
                     "round":"string",
                     "spawnTime":"int"
                    },
                 "rotation":0,
                 "type":"",
                 "visible":true,
                 "width":0,
                 "x":-384,
                 "y":-384
                }, 
                {
                 "height":0,
                 "id":241,
                 "name":"round 2",
                 "point":true,
                 "properties":
                    {
                     "mob":"basic",
                     "round":"2",
                     "spawnTime":10
                    },
                 "propertytypes":
                    {
                     "mob":"string",
                     "round":"string",
                     "spawnTime":"int"
                    },
                 "rotation":0,
                 "type":"",
                 "visible":true,
                 "width":0,
                 "x":-64,
                 "y":-384
                }, 
                {
                 "height":0,
                 "id":242,
                 "name":"round 2",
                 "point":true,
                 "properties":
                    {
                     "mob":"basic",
                     "round":"2",
                     "spawnTime":10
                    },
                 "propertytypes":
                    {
                     "mob":"string",
                     "round":"string",
                     "spawnTime":"int"
                    },
                 "rotation":0,
                 "type":"",
                 "visible":true,
                 "width":0,
                 "x":-640,
                 "y":-416
                }, 
                {
                 "height":0,
                 "id":243,
                 "name":"round 2",
                 "point":true,
                 "properties":
                    {
                     "mob":"basic",
                     "round":"2",
                     "spawnTime":10
                    },
                 "propertytypes":
                    {
                     "mob":"string",
                     "round":"string",
                     "spawnTime":"int"
                    },
                 "rotation":0,
                 "type":"",
                 "visible":true,
                 "width":0,
                 "x":192,
                 "y":-416
                }, 
                {
                 "height":0,
                 "id":244,
                 "name":"round 2",
                 "point":true,
                 "properties":
                    {
                     "mob":"basic",
                     "round":"2",
                     "spawnTime":15
                    },
                 "propertytypes":
                    {
                     "mob":"string",
                     "round":"string",
                     "spawnTime":"int"
                    },
                 "rotation":0,
                 "type":"",
                 "visible":true,
                 "width":0,
                 "x":-608,
                 "y":-416
                }, 
                {
                 "height":0,
                 "id":245,
                 "name":"round 2",
                 "point":true,
                 "properties":
                    {
                     "mob":"basic",
                     "round":"2",
                     "spawnTime":15
                    },
                 "propertytypes":
                    {
                     "mob":"string",
                     "round":"string",
                     "spawnTime":"int"
                    },
                 "rotation":0,
                 "type":"",
                 "visible":true,
                 "width":0,
                 "x":160,
                 "y":-416
                }, 
                {
                 "height":0,
                 "id":246,
                 "name":"round 2",
                 "point":true,
                 "properties":
                    {
                     "mob":"basic",
                     "round":"2",
                     "spawnTime":15
                    },
                 "propertytypes":
                    {
                     "mob":"string",
                     "round":"string",
                     "spawnTime":"int"
                    },
                 "rotation":0,
                 "type":"",
                 "visible":true,
                 "width":0,
                 "x":-96,
                 "y":-384
                }],
         "opacity":1,
         "type":"objectgroup",
         "visible":true,
         "x":0,
         "y":0
        }, 
        {
         "draworder":"topdown",
         "name":"navmesh",
         "objects":[
                {
                 "height":0,
                 "id":268,
                 "name":"",
                 "point":true,
                 "rotation":0,
                 "type":"",
                 "visible":true,
                 "width":0,
                 "x":-128,
                 "y":-192
                }, 
                {
                 "height":0,
                 "id":269,
                 "name":"",
                 "point":true,
                 "rotation":0,
                 "type":"",
                 "visible":true,
                 "width":0,
                 "x":-128,
                 "y":32
                }, 
                {
                 "height":0,
                 "id":270,
                 "name":"",
                 "point":true,
                 "rotation":0,
                 "type":"",
                 "visible":true,
                 "width":0,
                 "x":-320,
                 "y":32
                }, 
                {
                 "height":0,
                 "id":271,
                 "name":"",
                 "point":true,
                 "rotation":0,
                 "type":"",
                 "visible":true,
                 "width":0,
                 "x":-320,
                 "y":-192
                }, 
                {
                 "height":0,
                 "id":272,
                 "name":"",
                 "point":true,
                 "rotation":0,
                 "type":"",
                 "visible":true,
                 "width":0,
                 "x":64,
                 "y":128
                }, 
                {
                 "height":0,
                 "id":273,
                 "name":"",
                 "point":true,
                 "rotation":0,
                 "type":"",
                 "visible":true,
                 "width":0,
                 "x":-512,
                 "y":128
                }, 
                {
                 "height":0,
                 "id":274,
                 "name":"",
                 "point":true,
                 "rotation":0,
                 "type":"",
                 "visible":true,
                 "width":0,
                 "x":-544,
                 "y":-384
                }, 
                {
                 "height":0,
                 "id":275,
                 "name":"",
                 "point":true,
                 "rotation":0,
                 "type":"",
                 "visible":true,
                 "width":0,
                 "x":96,
                 "y":-384
                }, 
                {
                 "height":0,
                 "id":292,
                 "name":"",
                 "point":true,
                 "rotation":0,
                 "type":"",
                 "visible":true,
                 "width":0,
                 "x":-224,
                 "y":-416
                }, 
                {
                 "height":0,
                 "id":295,
                 "name":"",
                 "point":true,
                 "rotation":0,
                 "type":"",
                 "visible":true,
                 "width":0,
                 "x":96,
                 "y":-192
                }, 
                {
                 "height":0,
                 "id":296,
                 "name":"",
                 "point":true,
                 "rotation":0,
                 "type":"",
                 "visible":true,
                 "width":0,
                 "x":-544,
                 "y":-192
                }, 
                {
                 "height":0,
                 "id":299,
                 "name":"",
                 "point":true,
                 "rotation":0,
                 "type":"",
                 "visible":true,
                 "width":0,
                 "x":-224,
                 "y":128
                }],
         "opacity":1,
         "type":"objectgroup",
         "visible":true,
         "x":0,
         "y":0
        }, 
        {
         "draworder":"topdown",
         "name":"Templates",
         "objects":[
                {
                 "height":0,
                 "id":44,
                 "name":"PLAYER SPAWN",
                 "point":true,
                 "properties":
                    {
                     "mob":"player"
                    },
                 "propertytypes":
                    {
                     "mob":"string"
                    },
                 "rotation":0,
                 "type":"",
                 "visible":true,
                 "width":0,
                 "x":-416,
                 "y":-160
                }, 
                {
                 "height":0,
                 "id":46,
                 "name":"BASIC MOB",
                 "point":true,
                 "properties":
                    {
                     "mob":"basic",
                     "spawnTime":5
                    },
                 "propertytypes":
                    {
                     "mob":"string",
                     "spawnTime":"int"
                    },
                 "rotation":0,
                 "type":"",
                 "visible":true,
                 "width":0,
                 "x":-288,
                 "y":-160
                }, 
                {
                 "height":0,
                 "id":47,
                 "name":"CUSTOM WALL",
                 "polygon":[
                        {
                         "x":0,
                         "y":0
                        }, 
                        {
                         "x":32,
                         "y":-96
                        }, 
                        {
                         "x":64,
                         "y":0
                        }],
                 "properties":
                    {
                     "texture":"ice"
                    },
                 "propertytypes":
                    {
                     "texture":"string"
                    },
                 "rotation":0,
                 "type":"",
                 "visible":true,
                 "width":0,
                 "x":-192,
                 "y":-160
                }],
         "opacity":1,
         "type":"objectgroup",
         "visible":false,
         "x":0,
         "y":0
        }],
 "nextobjectid":302,
 "orientation":"orthogonal",
 "renderorder":"right-down",
 "tiledversion":"2017.11.22",
 "tileheight":32,
 "tilesets":[],
 "tilewidth":32,
 "type":"map",
 "version":1,
 "width":16
}