{ "height":16,
 "infinite":true,
 "layers":[
        {
         "chunks":[],
         "height":0,
         "name":"Tile Layer 1",
         "opacity":1,
         "startx":0,
         "starty":0,
         "type":"tilelayer",
         "visible":true,
         "width":0,
         "x":0,
         "y":0
        }, 
        {
         "draworder":"topdown",
         "name":"geometry",
         "objects":[
                {
                 "height":0,
                 "id":1,
                 "name":"0",
                 "point":true,
                 "rotation":0,
                 "type":"",
                 "visible":true,
                 "width":0,
                 "x":-448,
                 "y":608
                }, 
                {
                 "height":0,
                 "id":5,
                 "name":"",
                 "polygon":[
                        {
                         "x":0,
                         "y":0
                        }, 
                        {
                         "x":0,
                         "y":192
                        }, 
                        {
                         "x":-96,
                         "y":192
                        }, 
                        {
                         "x":-96,
                         "y":0
                        }],
                 "properties":
                    {
                     "strokeColor":"#B6C948",
                     "strokeLength":12,
                     "texture":"wall"
                    },
                 "propertytypes":
                    {
                     "strokeColor":"string",
                     "strokeLength":"int",
                     "texture":"string"
                    },
                 "rotation":0,
                 "type":"",
                 "visible":true,
                 "width":0,
                 "x":-416,
                 "y":-192
                }, 
                {
                 "height":0,
                 "id":53,
                 "name":"",
                 "polygon":[
                        {
                         "x":0,
                         "y":0
                        }, 
                        {
                         "x":-160,
                         "y":0
                        }, 
                        {
                         "x":-160,
                         "y":96
                        }, 
                        {
                         "x":0,
                         "y":96
                        }, 
                        {
                         "x":0,
                         "y":192
                        }, 
                        {
                         "x":160,
                         "y":192
                        }, 
                        {
                         "x":160,
                         "y":64
                        }, 
                        {
                         "x":64,
                         "y":64
                        }, 
                        {
                         "x":64,
                         "y":0
                        }, 
                        {
                         "x":0,
                         "y":0
                        }],
                 "properties":
                    {
                     "strokeColor":"#B6C948",
                     "strokeLength":12,
                     "texture":"wall"
                    },
                 "propertytypes":
                    {
                     "strokeColor":"string",
                     "strokeLength":"int",
                     "texture":"string"
                    },
                 "rotation":0,
                 "type":"",
                 "visible":true,
                 "width":0,
                 "x":-384,
                 "y":192
                }, 
                {
                 "height":0,
                 "id":73,
                 "name":"",
                 "polygon":[
                        {
                         "x":0,
                         "y":0
                        }, 
                        {
                         "x":0,
                         "y":224
                        }, 
                        {
                         "x":-128,
                         "y":224
                        }, 
                        {
                         "x":-128,
                         "y":416
                        }, 
                        {
                         "x":-64,
                         "y":416
                        }, 
                        {
                         "x":-64,
                         "y":576
                        }, 
                        {
                         "x":-160,
                         "y":576
                        }, 
                        {
                         "x":-160,
                         "y":448
                        }, 
                        {
                         "x":-224,
                         "y":448
                        }, 
                        {
                         "x":-224,
                         "y":128
                        }, 
                        {
                         "x":-128,
                         "y":128
                        }, 
                        {
                         "x":-128,
                         "y":0
                        }, 
                        {
                         "x":0,
                         "y":0
                        }],
                 "properties":
                    {
                     "strokeColor":"#B6C948",
                     "strokeLength":12
                    },
                 "propertytypes":
                    {
                     "strokeColor":"string",
                     "strokeLength":"int"
                    },
                 "rotation":0,
                 "type":"",
                 "visible":true,
                 "width":0,
                 "x":128,
                 "y":-256
                }, 
                {
                 "height":0,
                 "id":74,
                 "name":"",
                 "polygon":[
                        {
                         "x":0,
                         "y":0
                        }, 
                        {
                         "x":384,
                         "y":0
                        }, 
                        {
                         "x":384,
                         "y":-224
                        }, 
                        {
                         "x":256,
                         "y":-320
                        }, 
                        {
                         "x":160,
                         "y":-320
                        }, 
                        {
                         "x":160,
                         "y":-160
                        }, 
                        {
                         "x":0,
                         "y":-160
                        }, 
                        {
                         "x":0,
                         "y":0
                        }],
                 "properties":
                    {
                     "strokeColor":"#B6C948",
                     "strokeLength":12
                    },
                 "propertytypes":
                    {
                     "strokeColor":"string",
                     "strokeLength":"int"
                    },
                 "rotation":0,
                 "type":"",
                 "visible":true,
                 "width":0,
                 "x":320,
                 "y":64
                }, 
                {
                 "height":0,
                 "id":75,
                 "name":"",
                 "polygon":[
                        {
                         "x":0,
                         "y":0
                        }, 
                        {
                         "x":0,
                         "y":-192
                        }, 
                        {
                         "x":-928,
                         "y":-192
                        }, 
                        {
                         "x":-1184,
                         "y":64
                        }, 
                        {
                         "x":-1184,
                         "y":640
                        }, 
                        {
                         "x":-896,
                         "y":640
                        }, 
                        {
                         "x":-896,
                         "y":1248
                        }, 
                        {
                         "x":32,
                         "y":1248
                        }, 
                        {
                         "x":32,
                         "y":1152
                        }, 
                        {
                         "x":-64,
                         "y":1152
                        }, 
                        {
                         "x":-256,
                         "y":928
                        }, 
                        {
                         "x":-320,
                         "y":928
                        }, 
                        {
                         "x":-320,
                         "y":1056
                        }, 
                        {
                         "x":-704,
                         "y":1056
                        }, 
                        {
                         "x":-704,
                         "y":800
                        }, 
                        {
                         "x":-832,
                         "y":640
                        }, 
                        {
                         "x":-832,
                         "y":544
                        }, 
                        {
                         "x":-1088,
                         "y":544
                        }, 
                        {
                         "x":-1088,
                         "y":160
                        }, 
                        {
                         "x":-864,
                         "y":160
                        }, 
                        {
                         "x":-864,
                         "y":64
                        }, 
                        {
                         "x":-768,
                         "y":-64
                        }, 
                        {
                         "x":-416,
                         "y":-64
                        }, 
                        {
                         "x":-416,
                         "y":0
                        }, 
                        {
                         "x":0,
                         "y":0
                        }],
                 "properties":
                    {
                     "strokeColor":"#B6C948",
                     "strokeLength":12,
                     "texture":"wall"
                    },
                 "propertytypes":
                    {
                     "strokeColor":"string",
                     "strokeLength":"int",
                     "texture":"string"
                    },
                 "rotation":0,
                 "type":"",
                 "visible":true,
                 "width":0,
                 "x":64,
                 "y":-416
                }, 
                {
                 "height":0,
                 "id":76,
                 "name":"",
                 "polygon":[
                        {
                         "x":0,
                         "y":0
                        }, 
                        {
                         "x":960,
                         "y":0
                        }, 
                        {
                         "x":960,
                         "y":1184
                        }, 
                        {
                         "x":256,
                         "y":1440
                        }, 
                        {
                         "x":32,
                         "y":1440
                        }, 
                        {
                         "x":32,
                         "y":1344
                        }, 
                        {
                         "x":128,
                         "y":1344
                        }, 
                        {
                         "x":320,
                         "y":1088
                        }, 
                        {
                         "x":704,
                         "y":1088
                        }, 
                        {
                         "x":832,
                         "y":928
                        }, 
                        {
                         "x":832,
                         "y":288
                        }, 
                        {
                         "x":704,
                         "y":192
                        }, 
                        {
                         "x":0,
                         "y":192
                        }, 
                        {
                         "x":0,
                         "y":0
                        }],
                 "properties":
                    {
                     "strokeColor":"#B6C948",
                     "strokeLength":12,
                     "texture":"wall"
                    },
                 "propertytypes":
                    {
                     "strokeColor":"string",
                     "strokeLength":"int",
                     "texture":"string"
                    },
                 "rotation":0,
                 "type":"",
                 "visible":true,
                 "width":0,
                 "x":64,
                 "y":-608
                }, 
                {
                 "height":0,
                 "id":77,
                 "name":"",
                 "polygon":[
                        {
                         "x":0,
                         "y":0
                        }, 
                        {
                         "x":256,
                         "y":0
                        }, 
                        {
                         "x":256,
                         "y":64
                        }, 
                        {
                         "x":0,
                         "y":64
                        }, 
                        {
                         "x":0,
                         "y":0
                        }],
                 "properties":
                    {
                     "strokeColor":"#B6C948",
                     "strokeLength":12
                    },
                 "propertytypes":
                    {
                     "strokeColor":"string",
                     "strokeLength":"int"
                    },
                 "rotation":0,
                 "type":"",
                 "visible":true,
                 "width":0,
                 "x":256,
                 "y":288
                }],
         "opacity":1,
         "type":"objectgroup",
         "visible":true,
         "x":0,
         "y":0
        }, 
        {
         "draworder":"topdown",
         "name":"mobs",
         "objects":[
                {
                 "height":0,
                 "id":16,
                 "name":"PLAYER SPAWN",
                 "point":true,
                 "properties":
                    {
                     "mob":"player"
                    },
                 "propertytypes":
                    {
                     "mob":"string"
                    },
                 "rotation":0,
                 "type":"",
                 "visible":true,
                 "width":0,
                 "x":-896,
                 "y":-32
                }, 
                {
                 "height":0,
                 "id":17,
                 "name":"",
                 "point":true,
                 "properties":
                    {
                     "mob":"basic",
                     "spawnTime":10
                    },
                 "propertytypes":
                    {
                     "mob":"string",
                     "spawnTime":"int"
                    },
                 "rotation":0,
                 "type":"",
                 "visible":true,
                 "width":0,
                 "x":320,
                 "y":-256
                }, 
                {
                 "height":0,
                 "id":22,
                 "name":"",
                 "point":true,
                 "properties":
                    {
                     "mob":"basic",
                     "spawnTime":10
                    },
                 "propertytypes":
                    {
                     "mob":"string",
                     "spawnTime":"int"
                    },
                 "rotation":0,
                 "type":"",
                 "visible":true,
                 "width":0,
                 "x":-160,
                 "y":-256
                }, 
                {
                 "height":0,
                 "id":23,
                 "name":"",
                 "point":true,
                 "properties":
                    {
                     "mob":"basic",
                     "spawnTime":10
                    },
                 "propertytypes":
                    {
                     "mob":"string",
                     "spawnTime":"int"
                    },
                 "rotation":0,
                 "type":"",
                 "visible":true,
                 "width":0,
                 "x":-224,
                 "y":96
                }, 
                {
                 "height":0,
                 "id":24,
                 "name":"",
                 "point":true,
                 "properties":
                    {
                     "mob":"basic",
                     "spawnTime":10
                    },
                 "propertytypes":
                    {
                     "mob":"string",
                     "spawnTime":"int"
                    },
                 "rotation":0,
                 "type":"",
                 "visible":true,
                 "width":0,
                 "x":128,
                 "y":640
                }, 
                {
                 "height":0,
                 "id":25,
                 "name":"",
                 "point":true,
                 "properties":
                    {
                     "mob":"basic",
                     "spawnTime":10
                    },
                 "propertytypes":
                    {
                     "mob":"string",
                     "spawnTime":"int"
                    },
                 "rotation":0,
                 "type":"",
                 "visible":true,
                 "width":0,
                 "x":64,
                 "y":128
                }, 
                {
                 "height":0,
                 "id":45,
                 "name":"BASIC MOB",
                 "point":true,
                 "properties":
                    {
                     "mob":"basic",
                     "spawnTime":5
                    },
                 "propertytypes":
                    {
                     "mob":"string",
                     "spawnTime":"int"
                    },
                 "rotation":0,
                 "type":"",
                 "visible":true,
                 "width":0,
                 "x":-448,
                 "y":-352
                }, 
                {
                 "height":0,
                 "id":49,
                 "name":"BASIC MOB",
                 "point":true,
                 "properties":
                    {
                     "mob":"basic",
                     "spawnTime":5
                    },
                 "propertytypes":
                    {
                     "mob":"string",
                     "spawnTime":"int"
                    },
                 "rotation":0,
                 "type":"",
                 "visible":true,
                 "width":0,
                 "x":-544,
                 "y":128
                }, 
                {
                 "height":0,
                 "id":50,
                 "name":"BASIC MOB",
                 "point":true,
                 "properties":
                    {
                     "mob":"basic",
                     "spawnTime":5
                    },
                 "propertytypes":
                    {
                     "mob":"string",
                     "spawnTime":"int"
                    },
                 "rotation":0,
                 "type":"",
                 "visible":true,
                 "width":0,
                 "x":736,
                 "y":-224
                }, 
                {
                 "height":0,
                 "id":46,
                 "name":"BASIC MOB",
                 "point":true,
                 "properties":
                    {
                     "mob":"basic",
                     "spawnTime":5
                    },
                 "propertytypes":
                    {
                     "mob":"string",
                     "spawnTime":"int"
                    },
                 "rotation":0,
                 "type":"",
                 "visible":true,
                 "width":0,
                 "x":736,
                 "y":256
                }],
         "opacity":1,
         "type":"objectgroup",
         "visible":true,
         "x":0,
         "y":0
        }, 
        {
         "draworder":"topdown",
         "name":"navmesh",
         "objects":[
                {
                 "height":0,
                 "id":28,
                 "name":"",
                 "point":true,
                 "rotation":0,
                 "type":"",
                 "visible":true,
                 "width":0,
                 "x":672,
                 "y":320
                }, 
                {
                 "height":0,
                 "id":31,
                 "name":"",
                 "point":true,
                 "rotation":0,
                 "type":"",
                 "visible":true,
                 "width":0,
                 "x":64,
                 "y":576
                }, 
                {
                 "height":0,
                 "id":34,
                 "name":"",
                 "point":true,
                 "rotation":0,
                 "type":"",
                 "visible":true,
                 "width":0,
                 "x":320,
                 "y":-256
                }, 
                {
                 "height":0,
                 "id":37,
                 "name":"",
                 "point":true,
                 "rotation":0,
                 "type":"",
                 "visible":true,
                 "width":0,
                 "x":192,
                 "y":96
                }, 
                {
                 "height":0,
                 "id":38,
                 "name":"",
                 "point":true,
                 "rotation":0,
                 "type":"",
                 "visible":true,
                 "width":0,
                 "x":-640,
                 "y":160
                }, 
                {
                 "height":0,
                 "id":39,
                 "name":"",
                 "point":true,
                 "rotation":0,
                 "type":"",
                 "visible":true,
                 "width":0,
                 "x":-224,
                 "y":0
                }, 
                {
                 "height":0,
                 "id":41,
                 "name":"",
                 "point":true,
                 "rotation":0,
                 "type":"",
                 "visible":true,
                 "width":0,
                 "x":768,
                 "y":-192
                }, 
                {
                 "height":0,
                 "id":42,
                 "name":"",
                 "point":true,
                 "rotation":0,
                 "type":"",
                 "visible":true,
                 "width":0,
                 "x":-576,
                 "y":-320
                }, 
                {
                 "height":0,
                 "id":78,
                 "name":"",
                 "point":true,
                 "rotation":0,
                 "type":"",
                 "visible":true,
                 "width":0,
                 "x":512,
                 "y":-320
                }, 
                {
                 "height":0,
                 "id":79,
                 "name":"",
                 "point":true,
                 "rotation":0,
                 "type":"",
                 "visible":true,
                 "width":0,
                 "x":480,
                 "y":192
                }, 
                {
                 "height":0,
                 "id":80,
                 "name":"",
                 "point":true,
                 "rotation":0,
                 "type":"",
                 "visible":true,
                 "width":0,
                 "x":160,
                 "y":224
                }, 
                {
                 "height":0,
                 "id":81,
                 "name":"",
                 "point":true,
                 "rotation":0,
                 "type":"",
                 "visible":true,
                 "width":0,
                 "x":160,
                 "y":448
                }, 
                {
                 "height":0,
                 "id":82,
                 "name":"",
                 "point":true,
                 "rotation":0,
                 "type":"",
                 "visible":true,
                 "width":0,
                 "x":-128,
                 "y":416
                }, 
                {
                 "height":0,
                 "id":83,
                 "name":"",
                 "point":true,
                 "rotation":0,
                 "type":"",
                 "visible":true,
                 "width":0,
                 "x":-160,
                 "y":192
                }, 
                {
                 "height":0,
                 "id":84,
                 "name":"",
                 "point":true,
                 "rotation":0,
                 "type":"",
                 "visible":true,
                 "width":0,
                 "x":-384,
                 "y":96
                }, 
                {
                 "height":0,
                 "id":85,
                 "name":"",
                 "point":true,
                 "rotation":0,
                 "type":"",
                 "visible":true,
                 "width":0,
                 "x":-512,
                 "y":416
                }, 
                {
                 "height":0,
                 "id":86,
                 "name":"",
                 "point":true,
                 "rotation":0,
                 "type":"",
                 "visible":true,
                 "width":0,
                 "x":-352,
                 "y":480
                }, 
                {
                 "height":0,
                 "id":87,
                 "name":"",
                 "point":true,
                 "rotation":0,
                 "type":"",
                 "visible":true,
                 "width":0,
                 "x":-608,
                 "y":288
                }, 
                {
                 "height":0,
                 "id":88,
                 "name":"",
                 "point":true,
                 "rotation":0,
                 "type":"",
                 "visible":true,
                 "width":0,
                 "x":-640,
                 "y":-192
                }, 
                {
                 "height":0,
                 "id":89,
                 "name":"",
                 "point":true,
                 "rotation":0,
                 "type":"",
                 "visible":true,
                 "width":0,
                 "x":-640,
                 "y":-64
                }, 
                {
                 "height":0,
                 "id":90,
                 "name":"",
                 "point":true,
                 "rotation":0,
                 "type":"",
                 "visible":true,
                 "width":0,
                 "x":-960,
                 "y":-32
                }, 
                {
                 "height":0,
                 "id":91,
                 "name":"",
                 "point":true,
                 "rotation":0,
                 "type":"",
                 "visible":true,
                 "width":0,
                 "x":64,
                 "y":-352
                }, 
                {
                 "height":0,
                 "id":92,
                 "name":"",
                 "point":true,
                 "rotation":0,
                 "type":"",
                 "visible":true,
                 "width":0,
                 "x":192,
                 "y":-160
                }, 
                {
                 "height":0,
                 "id":93,
                 "name":"",
                 "point":true,
                 "rotation":0,
                 "type":"",
                 "visible":true,
                 "width":0,
                 "x":800,
                 "y":-32
                }, 
                {
                 "height":0,
                 "id":94,
                 "name":"",
                 "point":true,
                 "rotation":0,
                 "type":"",
                 "visible":true,
                 "width":0,
                 "x":416,
                 "y":416
                }],
         "opacity":1,
         "type":"objectgroup",
         "visible":true,
         "x":0,
         "y":0
        }, 
        {
         "draworder":"topdown",
         "name":"Templates",
         "objects":[],
         "opacity":1,
         "type":"objectgroup",
         "visible":true,
         "x":0,
         "y":0
        }],
 "nextobjectid":95,
 "orientation":"orthogonal",
 "renderorder":"right-down",
 "tiledversion":"2017.11.22",
 "tileheight":32,
 "tilesets":[],
 "tilewidth":32,
 "type":"map",
 "version":1,
 "width":16
}