{ "height":16,
 "infinite":true,
 "layers":[
        {
         "chunks":[],
         "height":0,
         "name":"Tile Layer 1",
         "opacity":1,
         "startx":0,
         "starty":0,
         "type":"tilelayer",
         "visible":false,
         "width":0,
         "x":0,
         "y":0
        }, 
        {
         "draworder":"topdown",
         "name":"geometry",
         "objects":[
                {
                 "height":0,
                 "id":1,
                 "name":"0",
                 "point":true,
                 "rotation":0,
                 "type":"",
                 "visible":true,
                 "width":0,
                 "x":-448,
                 "y":608
                }, 
                {
                 "height":0,
                 "id":3,
                 "name":"",
                 "polygon":[
                        {
                         "x":0,
                         "y":0
                        }, 
                        {
                         "x":0,
                         "y":-192
                        }, 
                        {
                         "x":128,
                         "y":-192
                        }, 
                        {
                         "x":128,
                         "y":0
                        }],
                 "properties":
                    {
                     "texture":"wall"
                    },
                 "propertytypes":
                    {
                     "texture":"string"
                    },
                 "rotation":0,
                 "type":"",
                 "visible":true,
                 "width":0,
                 "x":256,
                 "y":384
                }, 
                {
                 "height":0,
                 "id":4,
                 "name":"",
                 "polygon":[
                        {
                         "x":0,
                         "y":0
                        }, 
                        {
                         "x":-256,
                         "y":0
                        }, 
                        {
                         "x":-256,
                         "y":-96
                        }, 
                        {
                         "x":0,
                         "y":-96
                        }],
                 "properties":
                    {
                     "texture":"wall"
                    },
                 "propertytypes":
                    {
                     "texture":"string"
                    },
                 "rotation":0,
                 "type":"",
                 "visible":true,
                 "width":0,
                 "x":480,
                 "y":-416
                }, 
                {
                 "height":0,
                 "id":5,
                 "name":"",
                 "polygon":[
                        {
                         "x":0,
                         "y":0
                        }, 
                        {
                         "x":0,
                         "y":192
                        }, 
                        {
                         "x":-96,
                         "y":192
                        }, 
                        {
                         "x":-96,
                         "y":0
                        }],
                 "properties":
                    {
                     "strokeColor":"yellow",
                     "strokeLength":20,
                     "texture":"wall"
                    },
                 "propertytypes":
                    {
                     "strokeColor":"string",
                     "strokeLength":"int",
                     "texture":"string"
                    },
                 "rotation":0,
                 "type":"",
                 "visible":true,
                 "width":0,
                 "x":-416,
                 "y":-192
                }, 
                {
                 "height":0,
                 "id":7,
                 "name":"",
                 "polygon":[
                        {
                         "x":0,
                         "y":0
                        }, 
                        {
                         "x":128,
                         "y":0
                        }, 
                        {
                         "x":128,
                         "y":64
                        }, 
                        {
                         "x":-128,
                         "y":64
                        }, 
                        {
                         "x":-128,
                         "y":0
                        }],
                 "properties":
                    {
                     "texture":"wall"
                    },
                 "propertytypes":
                    {
                     "texture":"string"
                    },
                 "rotation":0,
                 "type":"",
                 "visible":true,
                 "width":0,
                 "x":96,
                 "y":736
                }, 
                {
                 "height":0,
                 "id":9,
                 "name":"",
                 "polygon":[
                        {
                         "x":0,
                         "y":0
                        }, 
                        {
                         "x":192,
                         "y":-256
                        }, 
                        {
                         "x":192,
                         "y":0
                        }],
                 "properties":
                    {
                     "texture":"wall"
                    },
                 "propertytypes":
                    {
                     "texture":"string"
                    },
                 "rotation":0,
                 "type":"",
                 "visible":true,
                 "width":0,
                 "x":192,
                 "y":736
                }, 
                {
                 "height":0,
                 "id":10,
                 "name":"",
                 "polygon":[
                        {
                         "x":0,
                         "y":0
                        }, 
                        {
                         "x":-192,
                         "y":-224
                        }, 
                        {
                         "x":-192,
                         "y":0
                        }],
                 "properties":
                    {
                     "texture":"wall"
                    },
                 "propertytypes":
                    {
                     "texture":"string"
                    },
                 "rotation":0,
                 "type":"",
                 "visible":true,
                 "width":0,
                 "x":0,
                 "y":736
                }, 
                {
                 "height":0,
                 "id":53,
                 "name":"",
                 "polygon":[
                        {
                         "x":0,
                         "y":0
                        }, 
                        {
                         "x":-160,
                         "y":0
                        }, 
                        {
                         "x":-160,
                         "y":96
                        }, 
                        {
                         "x":0,
                         "y":96
                        }, 
                        {
                         "x":0,
                         "y":192
                        }, 
                        {
                         "x":160,
                         "y":192
                        }, 
                        {
                         "x":160,
                         "y":64
                        }, 
                        {
                         "x":64,
                         "y":64
                        }, 
                        {
                         "x":64,
                         "y":0
                        }, 
                        {
                         "x":0,
                         "y":0
                        }],
                 "properties":
                    {
                     "texture":"wall"
                    },
                 "propertytypes":
                    {
                     "texture":"string"
                    },
                 "rotation":0,
                 "type":"",
                 "visible":true,
                 "width":0,
                 "x":-320,
                 "y":192
                }, 
                {
                 "height":384,
                 "id":54,
                 "name":"",
                 "properties":
                    {
                     "texture":"wall"
                    },
                 "propertytypes":
                    {
                     "texture":"string"
                    },
                 "rotation":0,
                 "type":"",
                 "visible":true,
                 "width":64,
                 "x":160,
                 "y":-800
                }, 
                {
                 "height":384,
                 "id":59,
                 "name":"",
                 "properties":
                    {
                     "texture":"wall"
                    },
                 "propertytypes":
                    {
                     "texture":"string"
                    },
                 "rotation":0,
                 "type":"",
                 "visible":true,
                 "width":64,
                 "x":-96,
                 "y":-800
                }, 
                {
                 "height":0,
                 "id":60,
                 "name":"",
                 "polygon":[
                        {
                         "x":0,
                         "y":0
                        }, 
                        {
                         "x":-256,
                         "y":0
                        }, 
                        {
                         "x":-256,
                         "y":-96
                        }, 
                        {
                         "x":0,
                         "y":-96
                        }],
                 "properties":
                    {
                     "texture":"wall"
                    },
                 "propertytypes":
                    {
                     "texture":"string"
                    },
                 "rotation":0,
                 "type":"",
                 "visible":true,
                 "width":0,
                 "x":-96,
                 "y":-416
                }, 
                {
                 "height":0,
                 "id":61,
                 "name":"",
                 "polygon":[
                        {
                         "x":0,
                         "y":0
                        }, 
                        {
                         "x":0,
                         "y":192
                        }, 
                        {
                         "x":480,
                         "y":192
                        }, 
                        {
                         "x":480,
                         "y":0
                        }, 
                        {
                         "x":384,
                         "y":0
                        }, 
                        {
                         "x":384,
                         "y":128
                        }, 
                        {
                         "x":96,
                         "y":128
                        }, 
                        {
                         "x":96,
                         "y":0
                        }, 
                        {
                         "x":0,
                         "y":0
                        }],
                 "properties":
                    {
                     "texture":"wall"
                    },
                 "propertytypes":
                    {
                     "texture":"string"
                    },
                 "rotation":0,
                 "type":"",
                 "visible":false,
                 "width":0,
                 "x":-160,
                 "y":-160
                }, 
                {
                 "height":512,
                 "id":62,
                 "name":"",
                 "properties":
                    {
                     "texture":"wall"
                    },
                 "propertytypes":
                    {
                     "texture":"string"
                    },
                 "rotation":0,
                 "type":"",
                 "visible":true,
                 "width":64,
                 "x":544,
                 "y":-256
                }, 
                {
                 "height":64,
                 "id":71,
                 "name":"",
                 "properties":
                    {
                     "texture":"wall"
                    },
                 "propertytypes":
                    {
                     "texture":"string"
                    },
                 "rotation":0,
                 "type":"",
                 "visible":true,
                 "width":320,
                 "x":-96,
                 "y":-864
                }, 
                {
                 "height":0,
                 "id":68,
                 "name":"",
                 "polygon":[
                        {
                         "x":0,
                         "y":0
                        }, 
                        {
                         "x":384,
                         "y":0
                        }, 
                        {
                         "x":512,
                         "y":-160
                        }, 
                        {
                         "x":512,
                         "y":-800
                        }, 
                        {
                         "x":384,
                         "y":-896
                        }, 
                        {
                         "x":96,
                         "y":-896
                        }, 
                        {
                         "x":96,
                         "y":-992
                        }, 
                        {
                         "x":640,
                         "y":-992
                        }, 
                        {
                         "x":640,
                         "y":96
                        }, 
                        {
                         "x":0,
                         "y":96
                        }, 
                        {
                         "x":0,
                         "y":0
                        }],
                 "properties":
                    {
                     "texture":"wall"
                    },
                 "propertytypes":
                    {
                     "texture":"string"
                    },
                 "rotation":0,
                 "type":"",
                 "visible":true,
                 "width":0,
                 "x":384,
                 "y":480
                }, 
                {
                 "height":0,
                 "id":72,
                 "name":"",
                 "polygon":[
                        {
                         "x":0,
                         "y":0
                        }, 
                        {
                         "x":-64,
                         "y":0
                        }, 
                        {
                         "x":-64,
                         "y":160
                        }, 
                        {
                         "x":-224,
                         "y":160
                        }, 
                        {
                         "x":-224,
                         "y":224
                        }, 
                        {
                         "x":0,
                         "y":224
                        }, 
                        {
                         "x":0,
                         "y":0
                        }],
                 "properties":
                    {
                     "texture":"wall"
                    },
                 "propertytypes":
                    {
                     "texture":"string"
                    },
                 "rotation":0,
                 "type":"",
                 "visible":true,
                 "width":0,
                 "x":-192,
                 "y":512
                }, 
                {
                 "height":0,
                 "id":66,
                 "name":"",
                 "polygon":[
                        {
                         "x":0,
                         "y":0
                        }, 
                        {
                         "x":-224,
                         "y":0
                        }, 
                        {
                         "x":-224,
                         "y":-288
                        }, 
                        {
                         "x":-320,
                         "y":-288
                        }, 
                        {
                         "x":-320,
                         "y":-448
                        }, 
                        {
                         "x":-416,
                         "y":-448
                        }, 
                        {
                         "x":-416,
                         "y":96
                        }, 
                        {
                         "x":0,
                         "y":96
                        }, 
                        {
                         "x":0,
                         "y":0
                        }],
                 "properties":
                    {
                     "texture":"wall"
                    },
                 "propertytypes":
                    {
                     "texture":"string"
                    },
                 "rotation":0,
                 "type":"",
                 "visible":true,
                 "width":0,
                 "x":-416,
                 "y":672
                }, 
                {
                 "height":0,
                 "id":67,
                 "name":"",
                 "polygon":[
                        {
                         "x":0,
                         "y":0
                        }, 
                        {
                         "x":0,
                         "y":96
                        }, 
                        {
                         "x":-224,
                         "y":96
                        }, 
                        {
                         "x":-224,
                         "y":480
                        }, 
                        {
                         "x":0,
                         "y":480
                        }, 
                        {
                         "x":0,
                         "y":576
                        }, 
                        {
                         "x":-320,
                         "y":576
                        }, 
                        {
                         "x":-320,
                         "y":0
                        }, 
                        {
                         "x":0,
                         "y":0
                        }],
                 "properties":
                    {
                     "texture":"wall"
                    },
                 "propertytypes":
                    {
                     "texture":"string"
                    },
                 "rotation":0,
                 "type":"",
                 "visible":true,
                 "width":0,
                 "x":-800,
                 "y":-352
                }, 
                {
                 "height":0,
                 "id":70,
                 "name":"",
                 "polygon":[
                        {
                         "x":0,
                         "y":0
                        }, 
                        {
                         "x":0,
                         "y":-96
                        }, 
                        {
                         "x":-512,
                         "y":-96
                        }, 
                        {
                         "x":-512,
                         "y":160
                        }, 
                        {
                         "x":-448,
                         "y":160
                        }, 
                        {
                         "x":-352,
                         "y":32
                        }, 
                        {
                         "x":0,
                         "y":32
                        }],
                 "properties":
                    {
                     "texture":"wall"
                    },
                 "propertytypes":
                    {
                     "texture":"string"
                    },
                 "rotation":0,
                 "type":"",
                 "visible":true,
                 "width":0,
                 "x":-352,
                 "y":-512
                }],
         "opacity":1,
         "type":"objectgroup",
         "visible":true,
         "x":0,
         "y":0
        }, 
        {
         "draworder":"topdown",
         "name":"mobs",
         "objects":[
                {
                 "height":0,
                 "id":16,
                 "name":"PLAYER SPAWN",
                 "point":true,
                 "properties":
                    {
                     "mob":"player"
                    },
                 "propertytypes":
                    {
                     "mob":"string"
                    },
                 "rotation":0,
                 "type":"",
                 "visible":true,
                 "width":0,
                 "x":64,
                 "y":-704
                }, 
                {
                 "height":0,
                 "id":17,
                 "name":"",
                 "point":true,
                 "properties":
                    {
                     "mob":"basic",
                     "spawnTime":10
                    },
                 "propertytypes":
                    {
                     "mob":"string",
                     "spawnTime":"int"
                    },
                 "rotation":0,
                 "type":"",
                 "visible":true,
                 "width":0,
                 "x":352,
                 "y":-288
                }, 
                {
                 "height":0,
                 "id":18,
                 "name":"",
                 "point":true,
                 "properties":
                    {
                     "mob":"basic",
                     "spawnTime":5
                    },
                 "propertytypes":
                    {
                     "mob":"string",
                     "spawnTime":"int"
                    },
                 "rotation":0,
                 "type":"",
                 "visible":true,
                 "width":0,
                 "x":32,
                 "y":-64
                }, 
                {
                 "height":0,
                 "id":19,
                 "name":"BASIC MOB",
                 "point":true,
                 "properties":
                    {
                     "mob":"basic",
                     "spawnTime":5
                    },
                 "propertytypes":
                    {
                     "mob":"string",
                     "spawnTime":"int"
                    },
                 "rotation":0,
                 "type":"",
                 "visible":true,
                 "width":0,
                 "x":64,
                 "y":576
                }, 
                {
                 "height":0,
                 "id":20,
                 "name":"",
                 "point":true,
                 "properties":
                    {
                     "mob":"basic",
                     "spawnTime":15
                    },
                 "propertytypes":
                    {
                     "mob":"string",
                     "spawnTime":"int"
                    },
                 "rotation":0,
                 "type":"",
                 "visible":true,
                 "width":0,
                 "x":192,
                 "y":576
                }, 
                {
                 "height":0,
                 "id":21,
                 "name":"",
                 "point":true,
                 "properties":
                    {
                     "mob":"basic",
                     "spawnTime":50
                    },
                 "propertytypes":
                    {
                     "mob":"string",
                     "spawnTime":"int"
                    },
                 "rotation":0,
                 "type":"",
                 "visible":true,
                 "width":0,
                 "x":96,
                 "y":-64
                }, 
                {
                 "height":0,
                 "id":22,
                 "name":"",
                 "point":true,
                 "properties":
                    {
                     "mob":"basic",
                     "spawnTime":10
                    },
                 "propertytypes":
                    {
                     "mob":"string",
                     "spawnTime":"int"
                    },
                 "rotation":0,
                 "type":"",
                 "visible":true,
                 "width":0,
                 "x":-320,
                 "y":-32
                }, 
                {
                 "height":0,
                 "id":23,
                 "name":"",
                 "point":true,
                 "properties":
                    {
                     "mob":"basic",
                     "spawnTime":10
                    },
                 "propertytypes":
                    {
                     "mob":"string",
                     "spawnTime":"int"
                    },
                 "rotation":0,
                 "type":"",
                 "visible":true,
                 "width":0,
                 "x":-864,
                 "y":0
                }, 
                {
                 "height":0,
                 "id":24,
                 "name":"",
                 "point":true,
                 "properties":
                    {
                     "mob":"basic",
                     "spawnTime":10
                    },
                 "propertytypes":
                    {
                     "mob":"string",
                     "spawnTime":"int"
                    },
                 "rotation":0,
                 "type":"",
                 "visible":true,
                 "width":0,
                 "x":128,
                 "y":640
                }, 
                {
                 "height":0,
                 "id":25,
                 "name":"",
                 "point":true,
                 "properties":
                    {
                     "mob":"basic",
                     "spawnTime":10
                    },
                 "propertytypes":
                    {
                     "mob":"string",
                     "spawnTime":"int"
                    },
                 "rotation":0,
                 "type":"",
                 "visible":true,
                 "width":0,
                 "x":-320,
                 "y":576
                }, 
                {
                 "height":0,
                 "id":45,
                 "name":"BASIC MOB",
                 "point":true,
                 "properties":
                    {
                     "mob":"basic",
                     "spawnTime":5
                    },
                 "propertytypes":
                    {
                     "mob":"string",
                     "spawnTime":"int"
                    },
                 "rotation":0,
                 "type":"",
                 "visible":true,
                 "width":0,
                 "x":-928,
                 "y":64
                }, 
                {
                 "height":0,
                 "id":49,
                 "name":"BASIC MOB",
                 "point":true,
                 "properties":
                    {
                     "mob":"basic",
                     "spawnTime":5
                    },
                 "propertytypes":
                    {
                     "mob":"string",
                     "spawnTime":"int"
                    },
                 "rotation":0,
                 "type":"",
                 "visible":true,
                 "width":0,
                 "x":-928,
                 "y":-64
                }, 
                {
                 "height":0,
                 "id":50,
                 "name":"BASIC MOB",
                 "point":true,
                 "properties":
                    {
                     "mob":"basic",
                     "spawnTime":5
                    },
                 "propertytypes":
                    {
                     "mob":"string",
                     "spawnTime":"int"
                    },
                 "rotation":0,
                 "type":"",
                 "visible":true,
                 "width":0,
                 "x":608,
                 "y":448
                }, 
                {
                 "height":0,
                 "id":46,
                 "name":"BASIC MOB",
                 "point":true,
                 "properties":
                    {
                     "mob":"basic",
                     "spawnTime":5
                    },
                 "propertytypes":
                    {
                     "mob":"string",
                     "spawnTime":"int"
                    },
                 "rotation":0,
                 "type":"",
                 "visible":true,
                 "width":0,
                 "x":768,
                 "y":-128
                }],
         "opacity":1,
         "type":"objectgroup",
         "visible":false,
         "x":0,
         "y":0
        }, 
        {
         "draworder":"topdown",
         "name":"navmesh",
         "objects":[
                {
                 "height":0,
                 "id":26,
                 "name":"",
                 "point":true,
                 "rotation":0,
                 "type":"",
                 "visible":true,
                 "width":0,
                 "x":96,
                 "y":256
                }, 
                {
                 "height":0,
                 "id":27,
                 "name":"",
                 "point":true,
                 "rotation":0,
                 "type":"",
                 "visible":true,
                 "width":0,
                 "x":-704,
                 "y":-128
                }, 
                {
                 "height":0,
                 "id":28,
                 "name":"",
                 "point":true,
                 "rotation":0,
                 "type":"",
                 "visible":true,
                 "width":0,
                 "x":736,
                 "y":352
                }, 
                {
                 "height":0,
                 "id":29,
                 "name":"",
                 "point":true,
                 "rotation":0,
                 "type":"",
                 "visible":true,
                 "width":0,
                 "x":0,
                 "y":480
                }, 
                {
                 "height":0,
                 "id":30,
                 "name":"",
                 "point":true,
                 "rotation":0,
                 "type":"",
                 "visible":true,
                 "width":0,
                 "x":-576,
                 "y":320
                }, 
                {
                 "height":0,
                 "id":31,
                 "name":"",
                 "point":true,
                 "rotation":0,
                 "type":"",
                 "visible":true,
                 "width":0,
                 "x":128,
                 "y":576
                }, 
                {
                 "height":0,
                 "id":32,
                 "name":"",
                 "point":true,
                 "rotation":0,
                 "type":"",
                 "visible":true,
                 "width":0,
                 "x":-256,
                 "y":-224
                }, 
                {
                 "height":0,
                 "id":33,
                 "name":"",
                 "point":true,
                 "rotation":0,
                 "type":"",
                 "visible":true,
                 "width":0,
                 "x":288,
                 "y":-224
                }, 
                {
                 "height":0,
                 "id":34,
                 "name":"",
                 "point":true,
                 "rotation":0,
                 "type":"",
                 "visible":true,
                 "width":0,
                 "x":96,
                 "y":-288
                }, 
                {
                 "height":0,
                 "id":35,
                 "name":"",
                 "point":true,
                 "rotation":0,
                 "type":"",
                 "visible":true,
                 "width":0,
                 "x":-256,
                 "y":64
                }, 
                {
                 "height":0,
                 "id":37,
                 "name":"",
                 "point":true,
                 "rotation":0,
                 "type":"",
                 "visible":true,
                 "width":0,
                 "x":416,
                 "y":128
                }, 
                {
                 "height":0,
                 "id":38,
                 "name":"",
                 "point":true,
                 "rotation":0,
                 "type":"",
                 "visible":true,
                 "width":0,
                 "x":-640,
                 "y":128
                }, 
                {
                 "height":0,
                 "id":39,
                 "name":"",
                 "point":true,
                 "rotation":0,
                 "type":"",
                 "visible":true,
                 "width":0,
                 "x":-864,
                 "y":0
                }, 
                {
                 "height":0,
                 "id":40,
                 "name":"",
                 "point":true,
                 "rotation":0,
                 "type":"",
                 "visible":true,
                 "width":0,
                 "x":448,
                 "y":-160
                }, 
                {
                 "height":0,
                 "id":41,
                 "name":"",
                 "point":true,
                 "rotation":0,
                 "type":"",
                 "visible":true,
                 "width":0,
                 "x":768,
                 "y":-192
                }, 
                {
                 "height":0,
                 "id":42,
                 "name":"",
                 "point":true,
                 "rotation":0,
                 "type":"",
                 "visible":true,
                 "width":0,
                 "x":-576,
                 "y":-320
                }],
         "opacity":1,
         "type":"objectgroup",
         "visible":false,
         "x":0,
         "y":0
        }, 
        {
         "draworder":"topdown",
         "name":"Templates",
         "objects":[
                {
                 "height":18.8438,
                 "id":48,
                 "name":"",
                 "rotation":0,
                 "text":
                    {
                     "text":"Hello World",
                     "wrap":true
                    },
                 "type":"",
                 "visible":true,
                 "width":89.5469,
                 "x":-896,
                 "y":-288
                }],
         "opacity":1,
         "type":"objectgroup",
         "visible":false,
         "x":0,
         "y":0
        }],
 "nextobjectid":73,
 "orientation":"orthogonal",
 "renderorder":"right-down",
 "tiledversion":"2017.11.22",
 "tileheight":32,
 "tilesets":[],
 "tilewidth":32,
 "type":"map",
 "version":1,
 "width":16
}