{ "height":16,
 "infinite":true,
 "layers":[
        {
         "chunks":[],
         "height":0,
         "name":"Tile Layer 1",
         "opacity":1,
         "startx":0,
         "starty":0,
         "type":"tilelayer",
         "visible":true,
         "width":0,
         "x":0,
         "y":0
        }, 
        {
         "draworder":"topdown",
         "name":"geometry",
         "objects":[
                {
                 "height":0,
                 "id":97,
                 "name":"CUSTOM WALL",
                 "polygon":[
                        {
                         "x":0,
                         "y":0
                        }, 
                        {
                         "x":32,
                         "y":-96
                        }, 
                        {
                         "x":64,
                         "y":0
                        }],
                 "properties":
                    {
                     "makenavmesh":false,
                     "texture":"ice",
                     "visible":false
                    },
                 "propertytypes":
                    {
                     "makenavmesh":"bool",
                     "texture":"string",
                     "visible":"bool"
                    },
                 "rotation":0,
                 "type":"",
                 "visible":true,
                 "width":0,
                 "x":-192,
                 "y":64
                }],
         "opacity":1,
         "type":"objectgroup",
         "visible":true,
         "x":0,
         "y":0
        }, 
        {
         "draworder":"topdown",
         "name":"mobs",
         "objects":[],
         "opacity":1,
         "type":"objectgroup",
         "visible":true,
         "x":0,
         "y":0
        }, 
        {
         "draworder":"topdown",
         "name":"navmesh",
         "objects":[],
         "opacity":1,
         "type":"objectgroup",
         "visible":true,
         "x":0,
         "y":0
        }, 
        {
         "draworder":"topdown",
         "name":"Templates",
         "objects":[
                {
                 "height":0,
                 "id":44,
                 "name":"PLAYER SPAWN",
                 "point":true,
                 "properties":
                    {
                     "details":"ONLY PUT ONE OF THESE PER LEVEL",
                     "mob":"player"
                    },
                 "propertytypes":
                    {
                     "details":"string",
                     "mob":"string"
                    },
                 "rotation":0,
                 "type":"",
                 "visible":true,
                 "width":0,
                 "x":-416,
                 "y":-160
                }, 
                {
                 "height":0,
                 "id":47,
                 "name":"CUSTOM WALL",
                 "polygon":[
                        {
                         "x":0,
                         "y":0
                        }, 
                        {
                         "x":32,
                         "y":-96
                        }, 
                        {
                         "x":64,
                         "y":0
                        }],
                 "properties":
                    {
                     "makenavmesh":false,
                     "texture":"ice",
                     "visible":false
                    },
                 "propertytypes":
                    {
                     "makenavmesh":"bool",
                     "texture":"string",
                     "visible":"bool"
                    },
                 "rotation":0,
                 "type":"",
                 "visible":true,
                 "width":0,
                 "x":-192,
                 "y":-96
                }, 
                {
                 "height":0,
                 "id":53,
                 "name":"BASIC MOB",
                 "point":true,
                 "properties":
                    {
                     "mob":"basic",
                     "spawnTime":5
                    },
                 "propertytypes":
                    {
                     "mob":"string",
                     "spawnTime":"int"
                    },
                 "rotation":0,
                 "type":"",
                 "visible":true,
                 "width":0,
                 "x":-288,
                 "y":-160
                }, 
                {
                 "height":0,
                 "id":99,
                 "name":"BASIC MOB",
                 "point":true,
                 "properties":
                    {
                     "mob":"basic",
                     "spawnTime":5
                    },
                 "propertytypes":
                    {
                     "mob":"string",
                     "spawnTime":"int"
                    },
                 "rotation":0,
                 "type":"",
                 "visible":true,
                 "width":0,
                 "x":-256,
                 "y":0
                }, 
                {
                 "height":0,
                 "id":100,
                 "name":"PLAYER SPAWN",
                 "point":true,
                 "properties":
                    {
                     "details":"ONLY PUT ONE OF THESE PER LEVEL",
                     "mob":"player"
                    },
                 "propertytypes":
                    {
                     "details":"string",
                     "mob":"string"
                    },
                 "rotation":0,
                 "type":"",
                 "visible":true,
                 "width":0,
                 "x":0,
                 "y":-32
                }],
         "opacity":1,
         "type":"objectgroup",
         "visible":true,
         "x":0,
         "y":0
        }],
 "nextobjectid":101,
 "orientation":"orthogonal",
 "renderorder":"right-down",
 "tiledversion":"2017.11.22",
 "tileheight":32,
 "tilesets":[],
 "tilewidth":32,
 "type":"map",
 "version":1,
 "width":16
}