{ "height":16,
 "infinite":true,
 "layers":[
        {
         "chunks":[],
         "height":0,
         "name":"Tile Layer 1",
         "opacity":1,
         "startx":0,
         "starty":0,
         "type":"tilelayer",
         "visible":true,
         "width":0,
         "x":0,
         "y":0
        },
        {
         "draworder":"topdown",
         "name":"geometry",
         "objects":[
                {
                 "height":0,
                 "id":1,
                 "name":"0",
                 "point":true,
                 "rotation":0,
                 "type":"",
                 "visible":true,
                 "width":0,
                 "x":0,
                 "y":0
                },
                {
                 "height":0,
                 "id":3,
                 "name":"",
                 "polygon":[
                        {
                         "x":0,
                         "y":0
                        },
                        {
                         "x":0,
                         "y":-192
                        },
                        {
                         "x":128,
                         "y":-192
                        },
                        {
                         "x":128,
                         "y":0
                        }],
                 "rotation":0,
                 "type":"",
                 "visible":true,
                 "width":0,
                 "x":128,
                 "y":96
                },
                {
                 "height":0,
                 "id":4,
                 "name":"",
                 "polygon":[
                        {
                         "x":0,
                         "y":0
                        },
                        {
                         "x":-256,
                         "y":0
                        },
                        {
                         "x":-256,
                         "y":-96
                        },
                        {
                         "x":0,
                         "y":-96
                        }],
                 "rotation":0,
                 "type":"",
                 "visible":true,
                 "width":0,
                 "x":128,
                 "y":-96
                },
                {
                 "height":0,
                 "id":5,
                 "name":"",
                 "polygon":[
                        {
                         "x":0,
                         "y":0
                        },
                        {
                         "x":0,
                         "y":192
                        },
                        {
                         "x":-96,
                         "y":192
                        },
                        {
                         "x":-96,
                         "y":0
                        }],
                 "rotation":0,
                 "type":"",
                 "visible":true,
                 "width":0,
                 "x":-128,
                 "y":-96
                },
                {
                 "height":0,
                 "id":7,
                 "name":"",
                 "polygon":[
                        {
                         "x":0,
                         "y":0
                        },
                        {
                         "x":128,
                         "y":0
                        },
                        {
                         "x":128,
                         "y":64
                        },
                        {
                         "x":-128,
                         "y":64
                        },
                        {
                         "x":-128,
                         "y":0
                        }],
                 "rotation":0,
                 "type":"",
                 "visible":true,
                 "width":0,
                 "x":0,
                 "y":224
                },
                {
                 "height":0,
                 "id":9,
                 "name":"",
                 "polygon":[
                        {
                         "x":0,
                         "y":0
                        },
                        {
                         "x":192,
                         "y":-256
                        },
                        {
                         "x":192,
                         "y":0
                        }],
                 "rotation":0,
                 "type":"",
                 "visible":true,
                 "width":0,
                 "x":256,
                 "y":352
                },
                {
                 "height":0,
                 "id":10,
                 "name":"",
                 "polygon":[
                        {
                         "x":0,
                         "y":0
                        },
                        {
                         "x":-192,
                         "y":-224
                        },
                        {
                         "x":-192,
                         "y":0
                        }],
                 "rotation":0,
                 "type":"",
                 "visible":true,
                 "width":0,
                 "x":-256,
                 "y":352
                },
                {
                 "height":0,
                 "id":12,
                 "name":"",
                 "polygon":[
                        {
                         "x":0,
                         "y":0
                        },
                        {
                         "x":32,
                         "y":-96
                        },
                        {
                         "x":64,
                         "y":0
                        }],
                 "rotation":0,
                 "type":"",
                 "visible":true,
                 "width":0,
                 "x":-32,
                 "y":544
                }],
         "opacity":1,
         "type":"objectgroup",
         "visible":true,
         "x":0,
         "y":0
        },
        {
         "draworder":"topdown",
         "name":"mobs",
         "objects":[
                {
                 "height":0,
                 "id":16,
                 "name":"",
                 "point":true,
                 "properties":
                    {
                     "mob":"player"
                    },
                 "propertytypes":
                    {
                     "mob":"string"
                    },
                 "rotation":0,
                 "type":"",
                 "visible":true,
                 "width":0,
                 "x":96,
                 "y":-256
                },
                {
                 "height":0,
                 "id":17,
                 "name":"",
                 "point":true,
                 "properties":
                    {
                     "mob":"basic",
                     "spawnTime":10
                    },
                 "propertytypes":
                    {
                     "mob":"string",
                     "spawnTime":"int"
                    },
                 "rotation":0,
                 "type":"",
                 "visible":true,
                 "width":0,
                 "x":192,
                 "y":-352
                },
                {
                 "height":0,
                 "id":18,
                 "name":"",
                 "point":true,
                 "properties":
                    {
                     "mob":"basic",
                     "spawnTime":5
                    },
                 "propertytypes":
                    {
                     "mob":"string",
                     "spawnTime":"int"
                    },
                 "rotation":0,
                 "type":"",
                 "visible":true,
                 "width":0,
                 "x":-128,
                 "y":-384
                },
                {
                 "height":0,
                 "id":19,
                 "name":"",
                 "point":true,
                 "properties":
                    {
                     "mob":"basic",
                     "spawnTime":5
                    },
                 "propertytypes":
                    {
                     "mob":"string",
                     "spawnTime":"int"
                    },
                 "rotation":0,
                 "type":"",
                 "visible":true,
                 "width":0,
                 "x":-192,
                 "y":-256
                },
                {
                 "height":0,
                 "id":20,
                 "name":"",
                 "point":true,
                 "properties":
                    {
                     "mob":"basic",
                     "spawnTime":15
                    },
                 "propertytypes":
                    {
                     "mob":"string",
                     "spawnTime":"int"
                    },
                 "rotation":0,
                 "type":"",
                 "visible":true,
                 "width":0,
                 "x":192,
                 "y":-32
                },
                {
                 "height":0,
                 "id":21,
                 "name":"",
                 "point":true,
                 "properties":
                    {
                     "mob":"basic",
                     "spawnTime":50
                    },
                 "propertytypes":
                    {
                     "mob":"string",
                     "spawnTime":"int"
                    },
                 "rotation":0,
                 "type":"",
                 "visible":true,
                 "width":0,
                 "x":0,
                 "y":-128
                },
                {
                 "height":0,
                 "id":22,
                 "name":"",
                 "point":true,
                 "properties":
                    {
                     "mob":"basic",
                     "spawnTime":10
                    },
                 "propertytypes":
                    {
                     "mob":"string",
                     "spawnTime":"int"
                    },
                 "rotation":0,
                 "type":"",
                 "visible":true,
                 "width":0,
                 "x":320,
                 "y":576
                },
                {
                 "height":0,
                 "id":23,
                 "name":"",
                 "point":true,
                 "properties":
                    {
                     "mob":"basic",
                     "spawnTime":10
                    },
                 "propertytypes":
                    {
                     "mob":"string",
                     "spawnTime":"int"
                    },
                 "rotation":0,
                 "type":"",
                 "visible":true,
                 "width":0,
                 "x":-192,
                 "y":608
                },
                {
                 "height":0,
                 "id":24,
                 "name":"",
                 "point":true,
                 "properties":
                    {
                     "mob":"basic",
                     "spawnTime":10
                    },
                 "propertytypes":
                    {
                     "mob":"string",
                     "spawnTime":"int"
                    },
                 "rotation":0,
                 "type":"",
                 "visible":true,
                 "width":0,
                 "x":832,
                 "y":-64
                },
                {
                 "height":0,
                 "id":25,
                 "name":"",
                 "point":true,
                 "properties":
                    {
                     "mob":"basic",
                     "spawnTime":10
                    },
                 "propertytypes":
                    {
                     "mob":"string",
                     "spawnTime":"int"
                    },
                 "rotation":0,
                 "type":"",
                 "visible":true,
                 "width":0,
                 "x":-448,
                 "y":-32
                }],
         "opacity":1,
         "type":"objectgroup",
         "visible":true,
         "x":0,
         "y":0
        },
        {
         "draworder":"topdown",
         "name":"navmesh",
         "objects":[
                {
                 "height":0,
                 "id":26,
                 "name":"",
                 "point":true,
                 "rotation":0,
                 "type":"",
                 "visible":true,
                 "width":0,
                 "x":0,
                 "y":32
                },
                {
                 "height":0,
                 "id":27,
                 "name":"",
                 "point":true,
                 "rotation":0,
                 "type":"",
                 "visible":true,
                 "width":0,
                 "x":-256,
                 "y":192
                },
                {
                 "height":0,
                 "id":28,
                 "name":"",
                 "point":true,
                 "rotation":0,
                 "type":"",
                 "visible":true,
                 "width":0,
                 "x":256,
                 "y":192
                },
                {
                 "height":0,
                 "id":29,
                 "name":"",
                 "point":true,
                 "rotation":0,
                 "type":"",
                 "visible":true,
                 "width":0,
                 "x":128,
                 "y":384
                },
                {
                 "height":0,
                 "id":30,
                 "name":"",
                 "point":true,
                 "rotation":0,
                 "type":"",
                 "visible":true,
                 "width":0,
                 "x":-128,
                 "y":416
                },
                {
                 "height":0,
                 "id":31,
                 "name":"",
                 "point":true,
                 "rotation":0,
                 "type":"",
                 "visible":true,
                 "width":0,
                 "x":-128,
                 "y":384
                },
                {
                 "height":0,
                 "id":32,
                 "name":"",
                 "point":true,
                 "rotation":0,
                 "type":"",
                 "visible":true,
                 "width":0,
                 "x":-256,
                 "y":-224
                },
                {
                 "height":0,
                 "id":33,
                 "name":"",
                 "point":true,
                 "rotation":0,
                 "type":"",
                 "visible":true,
                 "width":0,
                 "x":256,
                 "y":-224
                },
                {
                 "height":0,
                 "id":34,
                 "name":"",
                 "point":true,
                 "rotation":0,
                 "type":"",
                 "visible":true,
                 "width":0,
                 "x":32,
                 "y":-352
                },
                {
                 "height":0,
                 "id":35,
                 "name":"",
                 "point":true,
                 "rotation":0,
                 "type":"",
                 "visible":true,
                 "width":0,
                 "x":0,
                 "y":32
                },
                {
                 "height":0,
                 "id":37,
                 "name":"",
                 "point":true,
                 "rotation":0,
                 "type":"",
                 "visible":true,
                 "width":0,
                 "x":352,
                 "y":32
                },
                {
                 "height":0,
                 "id":38,
                 "name":"",
                 "point":true,
                 "rotation":0,
                 "type":"",
                 "visible":true,
                 "width":0,
                 "x":-384,
                 "y":0
                },
                {
                 "height":0,
                 "id":39,
                 "name":"",
                 "point":true,
                 "rotation":0,
                 "type":"",
                 "visible":true,
                 "width":0,
                 "x":-512,
                 "y":64
                },
                {
                 "height":0,
                 "id":40,
                 "name":"",
                 "point":true,
                 "rotation":0,
                 "type":"",
                 "visible":true,
                 "width":0,
                 "x":448,
                 "y":-96
                },
                {
                 "height":0,
                 "id":41,
                 "name":"",
                 "point":true,
                 "rotation":0,
                 "type":"",
                 "visible":true,
                 "width":0,
                 "x":384,
                 "y":-224
                },
                {
                 "height":0,
                 "id":42,
                 "name":"",
                 "point":true,
                 "rotation":0,
                 "type":"",
                 "visible":true,
                 "width":0,
                 "x":-96,
                 "y":-288
                }],
         "opacity":1,
         "type":"objectgroup",
         "visible":true,
         "x":0,
         "y":0
        }],
 "nextobjectid":43,
 "orientation":"orthogonal",
 "renderorder":"right-down",
 "tiledversion":"2017.11.22",
 "tileheight":32,
 "tilesets":[],
 "tilewidth":32,
 "type":"map",
 "version":1,
 "width":16
}
