{ "height":16,
 "infinite":true,
 "layers":[
        {
         "chunks":[],
         "height":0,
         "name":"Tile Layer 1",
         "opacity":1,
         "startx":0,
         "starty":0,
         "type":"tilelayer",
         "visible":true,
         "width":0,
         "x":0,
         "y":0
        }, 
        {
         "draworder":"topdown",
         "name":"geometry",
         "objects":[
                {
                 "height":0,
                 "id":176,
                 "name":"",
                 "polygon":[
                        {
                         "x":0,
                         "y":0
                        }, 
                        {
                         "x":-32,
                         "y":0
                        }, 
                        {
                         "x":-32,
                         "y":-1376
                        }, 
                        {
                         "x":0,
                         "y":-1376
                        }],
                 "properties":
                    {
                     "texture":"wall"
                    },
                 "propertytypes":
                    {
                     "texture":"string"
                    },
                 "rotation":0,
                 "type":"",
                 "visible":true,
                 "width":0,
                 "x":-672,
                 "y":544
                }, 
                {
                 "height":0,
                 "id":177,
                 "name":"",
                 "polygon":[
                        {
                         "x":0,
                         "y":0
                        }, 
                        {
                         "x":32,
                         "y":0
                        }, 
                        {
                         "x":32,
                         "y":-1376
                        }, 
                        {
                         "x":0,
                         "y":-1376
                        }],
                 "properties":
                    {
                     "texture":"wall"
                    },
                 "propertytypes":
                    {
                     "texture":"string"
                    },
                 "rotation":0,
                 "type":"",
                 "visible":true,
                 "width":0,
                 "x":224,
                 "y":544
                }, 
                {
                 "height":0,
                 "id":222,
                 "name":"",
                 "polygon":[
                        {
                         "x":0,
                         "y":0
                        }, 
                        {
                         "x":0,
                         "y":32
                        }, 
                        {
                         "x":896,
                         "y":32
                        }, 
                        {
                         "x":896,
                         "y":0
                        }],
                 "properties":
                    {
                     "texture":"wall"
                    },
                 "propertytypes":
                    {
                     "texture":"string"
                    },
                 "rotation":0,
                 "type":"",
                 "visible":true,
                 "width":0,
                 "x":-672,
                 "y":-832
                }, 
                {
                 "height":0,
                 "id":223,
                 "name":"",
                 "polygon":[
                        {
                         "x":0,
                         "y":0
                        }, 
                        {
                         "x":0,
                         "y":32
                        }, 
                        {
                         "x":896,
                         "y":32
                        }, 
                        {
                         "x":896,
                         "y":0
                        }],
                 "properties":
                    {
                     "texture":"wall"
                    },
                 "propertytypes":
                    {
                     "texture":"string"
                    },
                 "rotation":0,
                 "type":"",
                 "visible":true,
                 "width":0,
                 "x":-672,
                 "y":512
                }, 
                {
                 "height":0,
                 "id":250,
                 "name":"",
                 "polygon":[
                        {
                         "x":0,
                         "y":0
                        }, 
                        {
                         "x":64,
                         "y":0
                        }, 
                        {
                         "x":64,
                         "y":448
                        }, 
                        {
                         "x":0,
                         "y":448
                        }],
                 "properties":
                    {
                     "texture":"wall"
                    },
                 "propertytypes":
                    {
                     "texture":"string"
                    },
                 "rotation":0,
                 "type":"",
                 "visible":true,
                 "width":0,
                 "x":-576,
                 "y":-128
                }, 
                {
                 "height":0,
                 "id":251,
                 "name":"",
                 "polygon":[
                        {
                         "x":0,
                         "y":0
                        }, 
                        {
                         "x":0,
                         "y":384
                        }, 
                        {
                         "x":64,
                         "y":384
                        }, 
                        {
                         "x":64,
                         "y":0
                        }],
                 "properties":
                    {
                     "texture":"wall"
                    },
                 "propertytypes":
                    {
                     "texture":"string"
                    },
                 "rotation":0,
                 "type":"",
                 "visible":true,
                 "width":0,
                 "x":-576,
                 "y":-608
                }, 
                {
                 "height":0,
                 "id":252,
                 "name":"",
                 "polygon":[
                        {
                         "x":0,
                         "y":0
                        }, 
                        {
                         "x":64,
                         "y":0
                        }, 
                        {
                         "x":64,
                         "y":768
                        }, 
                        {
                         "x":0,
                         "y":768
                        }],
                 "properties":
                    {
                     "texture":"wall"
                    },
                 "propertytypes":
                    {
                     "texture":"string"
                    },
                 "rotation":0,
                 "type":"",
                 "visible":true,
                 "width":0,
                 "x":-384,
                 "y":-544
                }, 
                {
                 "height":0,
                 "id":253,
                 "name":"",
                 "polygon":[
                        {
                         "x":0,
                         "y":0
                        }, 
                        {
                         "x":-64,
                         "y":0
                        }, 
                        {
                         "x":-64,
                         "y":768
                        }, 
                        {
                         "x":0,
                         "y":768
                        }],
                 "properties":
                    {
                     "texture":"wall"
                    },
                 "propertytypes":
                    {
                     "texture":"string"
                    },
                 "rotation":0,
                 "type":"",
                 "visible":true,
                 "width":0,
                 "x":-64,
                 "y":-544
                }, 
                {
                 "height":0,
                 "id":254,
                 "name":"",
                 "polygon":[
                        {
                         "x":0,
                         "y":0
                        }, 
                        {
                         "x":0,
                         "y":-64
                        }, 
                        {
                         "x":704,
                         "y":-64
                        }, 
                        {
                         "x":704,
                         "y":0
                        }],
                 "properties":
                    {
                     "texture":"wall"
                    },
                 "propertytypes":
                    {
                     "texture":"string"
                    },
                 "rotation":0,
                 "type":"",
                 "visible":true,
                 "width":0,
                 "x":-576,
                 "y":384
                }, 
                {
                 "height":0,
                 "id":257,
                 "name":"",
                 "polygon":[
                        {
                         "x":0,
                         "y":0
                        }, 
                        {
                         "x":64,
                         "y":0
                        }, 
                        {
                         "x":64,
                         "y":288
                        }, 
                        {
                         "x":0,
                         "y":288
                        }],
                 "properties":
                    {
                     "texture":"wall"
                    },
                 "propertytypes":
                    {
                     "texture":"string"
                    },
                 "rotation":0,
                 "type":"",
                 "visible":true,
                 "width":0,
                 "x":64,
                 "y":32
                }, 
                {
                 "height":0,
                 "id":258,
                 "name":"",
                 "polygon":[
                        {
                         "x":0,
                         "y":0
                        }, 
                        {
                         "x":64,
                         "y":0
                        }, 
                        {
                         "x":64,
                         "y":-480
                        }, 
                        {
                         "x":0,
                         "y":-480
                        }],
                 "properties":
                    {
                     "texture":"wall"
                    },
                 "propertytypes":
                    {
                     "texture":"string"
                    },
                 "rotation":0,
                 "type":"",
                 "visible":true,
                 "width":0,
                 "x":64,
                 "y":-64
                }, 
                {
                 "height":0,
                 "id":259,
                 "name":"",
                 "polygon":[
                        {
                         "x":0,
                         "y":0
                        }, 
                        {
                         "x":0,
                         "y":64
                        }, 
                        {
                         "x":704,
                         "y":64
                        }, 
                        {
                         "x":704,
                         "y":0
                        }],
                 "properties":
                    {
                     "texture":"wall"
                    },
                 "propertytypes":
                    {
                     "texture":"string"
                    },
                 "rotation":0,
                 "type":"",
                 "visible":true,
                 "width":0,
                 "x":-576,
                 "y":-672
                }],
         "opacity":1,
         "type":"objectgroup",
         "visible":true,
         "x":0,
         "y":0
        }, 
        {
         "draworder":"topdown",
         "name":"mobs",
         "objects":[
                {
                 "height":0,
                 "id":58,
                 "name":"PLAYER SPAWN",
                 "properties":
                    {
                     "mob":"player"
                    },
                 "propertytypes":
                    {
                     "mob":"string"
                    },
                 "rotation":0,
                 "type":"",
                 "visible":true,
                 "width":0,
                 "x":-224,
                 "y":-192
                }, 
                {
                 "height":0,
                 "id":117,
                 "name":"BASIC MOB",
                 "properties":
                    {
                     "mob":"basic",
                     "round":"0",
                     "spawnTime":5
                    },
                 "propertytypes":
                    {
                     "mob":"string",
                     "round":"string",
                     "spawnTime":"int"
                    },
                 "rotation":0,
                 "type":"",
                 "visible":true,
                 "width":0,
                 "x":160,
                 "y":448
                }, 
                {
                 "height":0,
                 "id":118,
                 "name":"BASIC MOB",
                 "properties":
                    {
                     "mob":"basic",
                     "round":"0",
                     "spawnTime":5
                    },
                 "propertytypes":
                    {
                     "mob":"string",
                     "round":"string",
                     "spawnTime":"int"
                    },
                 "rotation":0,
                 "type":"",
                 "visible":true,
                 "width":0,
                 "x":-608,
                 "y":448
                }, 
                {
                 "height":0,
                 "id":242,
                 "name":"BASIC MOB",
                 "properties":
                    {
                     "mob":"basic",
                     "round":"0",
                     "spawnTime":5
                    },
                 "propertytypes":
                    {
                     "mob":"string",
                     "round":"string",
                     "spawnTime":"int"
                    },
                 "rotation":0,
                 "type":"",
                 "visible":true,
                 "width":0,
                 "x":-608,
                 "y":-736
                }, 
                {
                 "height":0,
                 "id":243,
                 "name":"BASIC MOB",
                 "properties":
                    {
                     "mob":"basic",
                     "round":"0",
                     "spawnTime":5
                    },
                 "propertytypes":
                    {
                     "mob":"string",
                     "round":"string",
                     "spawnTime":"int"
                    },
                 "rotation":0,
                 "type":"",
                 "visible":true,
                 "width":0,
                 "x":160,
                 "y":-736
                }, 
                {
                 "height":0,
                 "id":272,
                 "name":"BASIC MOB",
                 "properties":
                    {
                     "mob":"basic",
                     "round":"1",
                     "spawnTime":5
                    },
                 "propertytypes":
                    {
                     "mob":"string",
                     "round":"string",
                     "spawnTime":"int"
                    },
                 "rotation":0,
                 "type":"",
                 "visible":true,
                 "width":0,
                 "x":-640,
                 "y":-736
                }, 
                {
                 "height":0,
                 "id":273,
                 "name":"BASIC MOB",
                 "properties":
                    {
                     "mob":"basic",
                     "round":"1",
                     "spawnTime":5
                    },
                 "propertytypes":
                    {
                     "mob":"string",
                     "round":"string",
                     "spawnTime":"int"
                    },
                 "rotation":0,
                 "type":"",
                 "visible":true,
                 "width":0,
                 "x":192,
                 "y":-736
                }, 
                {
                 "height":0,
                 "id":274,
                 "name":"BASIC MOB",
                 "properties":
                    {
                     "mob":"basic",
                     "round":"1",
                     "spawnTime":5
                    },
                 "propertytypes":
                    {
                     "mob":"string",
                     "round":"string",
                     "spawnTime":"int"
                    },
                 "rotation":0,
                 "type":"",
                 "visible":true,
                 "width":0,
                 "x":192,
                 "y":448
                }, 
                {
                 "height":0,
                 "id":275,
                 "name":"BASIC MOB",
                 "properties":
                    {
                     "mob":"basic",
                     "round":"1",
                     "spawnTime":5
                    },
                 "propertytypes":
                    {
                     "mob":"string",
                     "round":"string",
                     "spawnTime":"int"
                    },
                 "rotation":0,
                 "type":"",
                 "visible":true,
                 "width":0,
                 "x":-640,
                 "y":448
                }, 
                {
                 "height":0,
                 "id":277,
                 "name":"BASIC MOB",
                 "properties":
                    {
                     "mob":"basic",
                     "round":"1",
                     "spawnTime":10
                    },
                 "propertytypes":
                    {
                     "mob":"string",
                     "round":"string",
                     "spawnTime":"int"
                    },
                 "rotation":0,
                 "type":"",
                 "visible":true,
                 "width":0,
                 "x":-256,
                 "y":-736
                }, 
                {
                 "height":0,
                 "id":281,
                 "name":"BASIC MOB",
                 "properties":
                    {
                     "mob":"basic",
                     "round":"1",
                     "spawnTime":10
                    },
                 "propertytypes":
                    {
                     "mob":"string",
                     "round":"string",
                     "spawnTime":"int"
                    },
                 "rotation":0,
                 "type":"",
                 "visible":true,
                 "width":0,
                 "x":-192,
                 "y":-736
                }, 
                {
                 "height":0,
                 "id":282,
                 "name":"BASIC MOB",
                 "properties":
                    {
                     "mob":"basic",
                     "round":"1",
                     "spawnTime":10
                    },
                 "propertytypes":
                    {
                     "mob":"string",
                     "round":"string",
                     "spawnTime":"int"
                    },
                 "rotation":0,
                 "type":"",
                 "visible":true,
                 "width":0,
                 "x":-192,
                 "y":448
                }, 
                {
                 "height":0,
                 "id":283,
                 "name":"BASIC MOB",
                 "properties":
                    {
                     "mob":"basic",
                     "round":"1",
                     "spawnTime":10
                    },
                 "propertytypes":
                    {
                     "mob":"string",
                     "round":"string",
                     "spawnTime":"int"
                    },
                 "rotation":0,
                 "type":"",
                 "visible":true,
                 "width":0,
                 "x":-256,
                 "y":448
                }, 
                {
                 "height":0,
                 "id":284,
                 "name":"BASIC MOB",
                 "properties":
                    {
                     "mob":"basic",
                     "round":"2",
                     "spawnTime":5
                    },
                 "propertytypes":
                    {
                     "mob":"string",
                     "round":"string",
                     "spawnTime":"int"
                    },
                 "rotation":0,
                 "type":"",
                 "visible":true,
                 "width":0,
                 "x":-640,
                 "y":-704
                }, 
                {
                 "height":0,
                 "id":285,
                 "name":"BASIC MOB",
                 "properties":
                    {
                     "mob":"basic",
                     "round":"2",
                     "spawnTime":5
                    },
                 "propertytypes":
                    {
                     "mob":"string",
                     "round":"string",
                     "spawnTime":"int"
                    },
                 "rotation":0,
                 "type":"",
                 "visible":true,
                 "width":0,
                 "x":192,
                 "y":-704
                }, 
                {
                 "height":0,
                 "id":286,
                 "name":"BASIC MOB",
                 "properties":
                    {
                     "mob":"basic",
                     "round":"2",
                     "spawnTime":5
                    },
                 "propertytypes":
                    {
                     "mob":"string",
                     "round":"string",
                     "spawnTime":"int"
                    },
                 "rotation":0,
                 "type":"",
                 "visible":true,
                 "width":0,
                 "x":192,
                 "y":416
                }, 
                {
                 "height":0,
                 "id":287,
                 "name":"BASIC MOB",
                 "properties":
                    {
                     "mob":"basic",
                     "round":"2",
                     "spawnTime":5
                    },
                 "propertytypes":
                    {
                     "mob":"string",
                     "round":"string",
                     "spawnTime":"int"
                    },
                 "rotation":0,
                 "type":"",
                 "visible":true,
                 "width":0,
                 "x":-640,
                 "y":416
                }, 
                {
                 "height":0,
                 "id":288,
                 "name":"BASIC MOB",
                 "properties":
                    {
                     "mob":"basic",
                     "round":"2",
                     "spawnTime":10
                    },
                 "propertytypes":
                    {
                     "mob":"string",
                     "round":"string",
                     "spawnTime":"int"
                    },
                 "rotation":0,
                 "type":"",
                 "visible":true,
                 "width":0,
                 "x":-608,
                 "y":416
                }, 
                {
                 "height":0,
                 "id":289,
                 "name":"BASIC MOB",
                 "properties":
                    {
                     "mob":"basic",
                     "round":"2",
                     "spawnTime":10
                    },
                 "propertytypes":
                    {
                     "mob":"string",
                     "round":"string",
                     "spawnTime":"int"
                    },
                 "rotation":0,
                 "type":"",
                 "visible":true,
                 "width":0,
                 "x":160,
                 "y":416
                }, 
                {
                 "height":0,
                 "id":290,
                 "name":"BASIC MOB",
                 "properties":
                    {
                     "mob":"basic",
                     "round":"2",
                     "spawnTime":10
                    },
                 "propertytypes":
                    {
                     "mob":"string",
                     "round":"string",
                     "spawnTime":"int"
                    },
                 "rotation":0,
                 "type":"",
                 "visible":true,
                 "width":0,
                 "x":160,
                 "y":-704
                }, 
                {
                 "height":0,
                 "id":291,
                 "name":"BASIC MOB",
                 "properties":
                    {
                     "mob":"basic",
                     "round":"2",
                     "spawnTime":10
                    },
                 "propertytypes":
                    {
                     "mob":"string",
                     "round":"string",
                     "spawnTime":"int"
                    },
                 "rotation":0,
                 "type":"",
                 "visible":true,
                 "width":0,
                 "x":-608,
                 "y":-704
                }, 
                {
                 "height":0,
                 "id":292,
                 "name":"BASIC MOB",
                 "properties":
                    {
                     "mob":"basic",
                     "round":"2",
                     "spawnTime":15
                    },
                 "propertytypes":
                    {
                     "mob":"string",
                     "round":"string",
                     "spawnTime":"int"
                    },
                 "rotation":0,
                 "type":"",
                 "visible":true,
                 "width":0,
                 "x":-640,
                 "y":480
                }, 
                {
                 "height":0,
                 "id":293,
                 "name":"BASIC MOB",
                 "properties":
                    {
                     "mob":"basic",
                     "round":"2",
                     "spawnTime":15
                    },
                 "propertytypes":
                    {
                     "mob":"string",
                     "round":"string",
                     "spawnTime":"int"
                    },
                 "rotation":0,
                 "type":"",
                 "visible":true,
                 "width":0,
                 "x":192,
                 "y":480
                }, 
                {
                 "height":0,
                 "id":294,
                 "name":"BASIC MOB",
                 "properties":
                    {
                     "mob":"basic",
                     "round":"2",
                     "spawnTime":15
                    },
                 "propertytypes":
                    {
                     "mob":"string",
                     "round":"string",
                     "spawnTime":"int"
                    },
                 "rotation":0,
                 "type":"",
                 "visible":true,
                 "width":0,
                 "x":-640,
                 "y":-768
                }, 
                {
                 "height":0,
                 "id":295,
                 "name":"BASIC MOB",
                 "properties":
                    {
                     "mob":"basic",
                     "round":"2",
                     "spawnTime":15
                    },
                 "propertytypes":
                    {
                     "mob":"string",
                     "round":"string",
                     "spawnTime":"int"
                    },
                 "rotation":0,
                 "type":"",
                 "visible":true,
                 "width":0,
                 "x":192,
                 "y":-768
                }],
         "opacity":1,
         "type":"objectgroup",
         "visible":false,
         "x":0,
         "y":0
        }, 
        {
         "draworder":"topdown",
         "name":"navmesh",
         "objects":[
                {
                 "height":0,
                 "id":228,
                 "name":"",
                 "rotation":0,
                 "type":"",
                 "visible":true,
                 "width":0,
                 "x":-480,
                 "y":-192
                }, 
                {
                 "height":0,
                 "id":229,
                 "name":"",
                 "rotation":0,
                 "type":"",
                 "visible":true,
                 "width":0,
                 "x":32,
                 "y":-576
                }, 
                {
                 "height":0,
                 "id":230,
                 "name":"",
                 "rotation":0,
                 "type":"",
                 "visible":true,
                 "width":0,
                 "x":32,
                 "y":0
                }, 
                {
                 "height":0,
                 "id":260,
                 "name":"",
                 "rotation":0,
                 "type":"",
                 "visible":true,
                 "width":0,
                 "x":160,
                 "y":0
                }, 
                {
                 "height":0,
                 "id":261,
                 "name":"",
                 "rotation":0,
                 "type":"",
                 "visible":true,
                 "width":0,
                 "x":160,
                 "y":-576
                }, 
                {
                 "height":0,
                 "id":262,
                 "name":"",
                 "rotation":0,
                 "type":"",
                 "visible":true,
                 "width":0,
                 "x":-608,
                 "y":-192
                }, 
                {
                 "height":0,
                 "id":263,
                 "name":"",
                 "rotation":0,
                 "type":"",
                 "visible":true,
                 "width":0,
                 "x":160,
                 "y":416
                }, 
                {
                 "height":0,
                 "id":264,
                 "name":"",
                 "rotation":0,
                 "type":"",
                 "visible":true,
                 "width":0,
                 "x":-608,
                 "y":416
                }, 
                {
                 "height":0,
                 "id":265,
                 "name":"",
                 "rotation":0,
                 "type":"",
                 "visible":true,
                 "width":0,
                 "x":0,
                 "y":288
                }, 
                {
                 "height":0,
                 "id":266,
                 "name":"",
                 "rotation":0,
                 "type":"",
                 "visible":true,
                 "width":0,
                 "x":-448,
                 "y":288
                }, 
                {
                 "height":0,
                 "id":267,
                 "name":"",
                 "rotation":0,
                 "type":"",
                 "visible":true,
                 "width":0,
                 "x":-224,
                 "y":288
                }, 
                {
                 "height":0,
                 "id":268,
                 "name":"",
                 "rotation":0,
                 "type":"",
                 "visible":true,
                 "width":0,
                 "x":-224,
                 "y":-576
                }, 
                {
                 "height":0,
                 "id":269,
                 "name":"",
                 "rotation":0,
                 "type":"",
                 "visible":true,
                 "width":0,
                 "x":-448,
                 "y":-576
                }, 
                {
                 "height":0,
                 "id":270,
                 "name":"",
                 "rotation":0,
                 "type":"",
                 "visible":true,
                 "width":0,
                 "x":-608,
                 "y":-704
                }, 
                {
                 "height":0,
                 "id":271,
                 "name":"",
                 "rotation":0,
                 "type":"",
                 "visible":true,
                 "width":0,
                 "x":160,
                 "y":-704
                }, 
                {
                 "height":0,
                 "id":278,
                 "name":"",
                 "rotation":0,
                 "type":"",
                 "visible":true,
                 "width":0,
                 "x":-224,
                 "y":480
                }, 
                {
                 "height":0,
                 "id":279,
                 "name":"",
                 "rotation":0,
                 "type":"",
                 "visible":true,
                 "width":0,
                 "x":-224,
                 "y":-768
                }, 
                {
                 "height":0,
                 "id":280,
                 "name":"",
                 "rotation":0,
                 "type":"",
                 "visible":true,
                 "width":0,
                 "x":-224,
                 "y":-128
                }],
         "opacity":1,
         "type":"objectgroup",
         "visible":true,
         "x":0,
         "y":0
        }, 
        {
         "draworder":"topdown",
         "name":"Templates",
         "objects":[
                {
                 "height":0,
                 "id":44,
                 "name":"PLAYER SPAWN",
                 "properties":
                    {
                     "mob":"player"
                    },
                 "propertytypes":
                    {
                     "mob":"string"
                    },
                 "rotation":0,
                 "type":"",
                 "visible":true,
                 "width":0,
                 "x":-416,
                 "y":-160
                }, 
                {
                 "height":0,
                 "id":46,
                 "name":"BASIC MOB",
                 "properties":
                    {
                     "mob":"basic",
                     "spawnTime":5
                    },
                 "propertytypes":
                    {
                     "mob":"string",
                     "spawnTime":"int"
                    },
                 "rotation":0,
                 "type":"",
                 "visible":true,
                 "width":0,
                 "x":-288,
                 "y":-160
                }, 
                {
                 "height":0,
                 "id":47,
                 "name":"CUSTOM WALL",
                 "polygon":[
                        {
                         "x":0,
                         "y":0
                        }, 
                        {
                         "x":32,
                         "y":-96
                        }, 
                        {
                         "x":64,
                         "y":0
                        }],
                 "properties":
                    {
                     "texture":"ice"
                    },
                 "propertytypes":
                    {
                     "texture":"string"
                    },
                 "rotation":0,
                 "type":"",
                 "visible":true,
                 "width":0,
                 "x":-192,
                 "y":-160
                }],
         "opacity":1,
         "type":"objectgroup",
         "visible":false,
         "x":0,
         "y":0
        }],
 "nextobjectid":297,
 "orientation":"orthogonal",
 "renderorder":"right-down",
 "tiledversion":"2017.11.22",
 "tileheight":32,
 "tilesets":[],
 "tilewidth":32,
 "type":"map",
 "version":1,
 "width":16
}