{ "height":16,
 "infinite":true,
 "layers":[
        {
         "chunks":[],
         "height":0,
         "name":"Tile Layer 1",
         "opacity":1,
         "startx":0,
         "starty":0,
         "type":"tilelayer",
         "visible":false,
         "width":0,
         "x":0,
         "y":0
        }, 
        {
         "draworder":"topdown",
         "name":"geometry",
         "objects":[
                {
                 "height":0,
                 "id":327,
                 "name":"",
                 "polygon":[
                        {
                         "x":0,
                         "y":0
                        }, 
                        {
                         "x":32,
                         "y":0
                        }, 
                        {
                         "x":64,
                         "y":32
                        }, 
                        {
                         "x":64,
                         "y":64
                        }, 
                        {
                         "x":32,
                         "y":96
                        }, 
                        {
                         "x":0,
                         "y":96
                        }, 
                        {
                         "x":-32,
                         "y":64
                        }, 
                        {
                         "x":-32,
                         "y":32
                        }],
                 "rotation":0,
                 "type":"",
                 "visible":true,
                 "width":0,
                 "x":-352,
                 "y":-384
                }, 
                {
                 "height":0,
                 "id":328,
                 "name":"",
                 "polygon":[
                        {
                         "x":0,
                         "y":0
                        }, 
                        {
                         "x":32,
                         "y":0
                        }, 
                        {
                         "x":64,
                         "y":32
                        }, 
                        {
                         "x":64,
                         "y":64
                        }, 
                        {
                         "x":32,
                         "y":96
                        }, 
                        {
                         "x":0,
                         "y":96
                        }, 
                        {
                         "x":-32,
                         "y":64
                        }, 
                        {
                         "x":-32,
                         "y":32
                        }],
                 "rotation":0,
                 "type":"",
                 "visible":true,
                 "width":0,
                 "x":-128,
                 "y":-384
                }, 
                {
                 "height":0,
                 "id":329,
                 "name":"",
                 "polygon":[
                        {
                         "x":0,
                         "y":0
                        }, 
                        {
                         "x":32,
                         "y":0
                        }, 
                        {
                         "x":64,
                         "y":32
                        }, 
                        {
                         "x":64,
                         "y":64
                        }, 
                        {
                         "x":32,
                         "y":96
                        }, 
                        {
                         "x":0,
                         "y":96
                        }, 
                        {
                         "x":-32,
                         "y":64
                        }, 
                        {
                         "x":-32,
                         "y":32
                        }],
                 "rotation":0,
                 "type":"",
                 "visible":true,
                 "width":0,
                 "x":-128,
                 "y":-160
                }, 
                {
                 "height":0,
                 "id":330,
                 "name":"",
                 "polygon":[
                        {
                         "x":0,
                         "y":0
                        }, 
                        {
                         "x":32,
                         "y":0
                        }, 
                        {
                         "x":64,
                         "y":32
                        }, 
                        {
                         "x":64,
                         "y":64
                        }, 
                        {
                         "x":32,
                         "y":96
                        }, 
                        {
                         "x":0,
                         "y":96
                        }, 
                        {
                         "x":-32,
                         "y":64
                        }, 
                        {
                         "x":-32,
                         "y":32
                        }],
                 "rotation":0,
                 "type":"",
                 "visible":true,
                 "width":0,
                 "x":-352,
                 "y":-160
                }, 
                {
                 "height":0,
                 "id":331,
                 "name":"",
                 "polygon":[
                        {
                         "x":0,
                         "y":0
                        }, 
                        {
                         "x":32,
                         "y":0
                        }, 
                        {
                         "x":64,
                         "y":32
                        }, 
                        {
                         "x":64,
                         "y":64
                        }, 
                        {
                         "x":32,
                         "y":96
                        }, 
                        {
                         "x":0,
                         "y":96
                        }, 
                        {
                         "x":-32,
                         "y":64
                        }, 
                        {
                         "x":-32,
                         "y":32
                        }],
                 "rotation":0,
                 "type":"",
                 "visible":true,
                 "width":0,
                 "x":-576,
                 "y":-384
                }, 
                {
                 "height":0,
                 "id":332,
                 "name":"",
                 "polygon":[
                        {
                         "x":0,
                         "y":0
                        }, 
                        {
                         "x":32,
                         "y":0
                        }, 
                        {
                         "x":64,
                         "y":32
                        }, 
                        {
                         "x":64,
                         "y":64
                        }, 
                        {
                         "x":32,
                         "y":96
                        }, 
                        {
                         "x":0,
                         "y":96
                        }, 
                        {
                         "x":-32,
                         "y":64
                        }, 
                        {
                         "x":-32,
                         "y":32
                        }],
                 "rotation":0,
                 "type":"",
                 "visible":true,
                 "width":0,
                 "x":-576,
                 "y":-160
                }, 
                {
                 "height":0,
                 "id":333,
                 "name":"",
                 "polygon":[
                        {
                         "x":0,
                         "y":0
                        }, 
                        {
                         "x":32,
                         "y":0
                        }, 
                        {
                         "x":64,
                         "y":32
                        }, 
                        {
                         "x":64,
                         "y":64
                        }, 
                        {
                         "x":32,
                         "y":96
                        }, 
                        {
                         "x":0,
                         "y":96
                        }, 
                        {
                         "x":-32,
                         "y":64
                        }, 
                        {
                         "x":-32,
                         "y":32
                        }],
                 "rotation":0,
                 "type":"",
                 "visible":true,
                 "width":0,
                 "x":-352,
                 "y":-608
                }, 
                {
                 "height":0,
                 "id":334,
                 "name":"",
                 "polygon":[
                        {
                         "x":0,
                         "y":0
                        }, 
                        {
                         "x":32,
                         "y":0
                        }, 
                        {
                         "x":64,
                         "y":32
                        }, 
                        {
                         "x":64,
                         "y":64
                        }, 
                        {
                         "x":32,
                         "y":96
                        }, 
                        {
                         "x":0,
                         "y":96
                        }, 
                        {
                         "x":-32,
                         "y":64
                        }, 
                        {
                         "x":-32,
                         "y":32
                        }],
                 "rotation":0,
                 "type":"",
                 "visible":true,
                 "width":0,
                 "x":-128,
                 "y":-608
                }, 
                {
                 "height":0,
                 "id":335,
                 "name":"",
                 "polygon":[
                        {
                         "x":0,
                         "y":0
                        }, 
                        {
                         "x":32,
                         "y":0
                        }, 
                        {
                         "x":64,
                         "y":32
                        }, 
                        {
                         "x":64,
                         "y":64
                        }, 
                        {
                         "x":32,
                         "y":96
                        }, 
                        {
                         "x":0,
                         "y":96
                        }, 
                        {
                         "x":-32,
                         "y":64
                        }, 
                        {
                         "x":-32,
                         "y":32
                        }],
                 "rotation":0,
                 "type":"",
                 "visible":true,
                 "width":0,
                 "x":-576,
                 "y":-608
                }, 
                {
                 "height":0,
                 "id":336,
                 "name":"",
                 "polygon":[
                        {
                         "x":0,
                         "y":0
                        }, 
                        {
                         "x":32,
                         "y":0
                        }, 
                        {
                         "x":64,
                         "y":32
                        }, 
                        {
                         "x":64,
                         "y":64
                        }, 
                        {
                         "x":32,
                         "y":96
                        }, 
                        {
                         "x":0,
                         "y":96
                        }, 
                        {
                         "x":-32,
                         "y":64
                        }, 
                        {
                         "x":-32,
                         "y":32
                        }],
                 "rotation":0,
                 "type":"",
                 "visible":true,
                 "width":0,
                 "x":-576,
                 "y":-832
                }, 
                {
                 "height":0,
                 "id":337,
                 "name":"",
                 "polygon":[
                        {
                         "x":0,
                         "y":0
                        }, 
                        {
                         "x":32,
                         "y":0
                        }, 
                        {
                         "x":64,
                         "y":32
                        }, 
                        {
                         "x":64,
                         "y":64
                        }, 
                        {
                         "x":32,
                         "y":96
                        }, 
                        {
                         "x":0,
                         "y":96
                        }, 
                        {
                         "x":-32,
                         "y":64
                        }, 
                        {
                         "x":-32,
                         "y":32
                        }],
                 "rotation":0,
                 "type":"",
                 "visible":true,
                 "width":0,
                 "x":-128,
                 "y":-832
                }, 
                {
                 "height":0,
                 "id":338,
                 "name":"",
                 "polygon":[
                        {
                         "x":0,
                         "y":0
                        }, 
                        {
                         "x":32,
                         "y":0
                        }, 
                        {
                         "x":64,
                         "y":32
                        }, 
                        {
                         "x":64,
                         "y":64
                        }, 
                        {
                         "x":32,
                         "y":96
                        }, 
                        {
                         "x":0,
                         "y":96
                        }, 
                        {
                         "x":-32,
                         "y":64
                        }, 
                        {
                         "x":-32,
                         "y":32
                        }],
                 "rotation":0,
                 "type":"",
                 "visible":true,
                 "width":0,
                 "x":-352,
                 "y":-832
                }, 
                {
                 "height":0,
                 "id":339,
                 "name":"",
                 "polygon":[
                        {
                         "x":0,
                         "y":0
                        }, 
                        {
                         "x":32,
                         "y":0
                        }, 
                        {
                         "x":64,
                         "y":32
                        }, 
                        {
                         "x":64,
                         "y":64
                        }, 
                        {
                         "x":32,
                         "y":96
                        }, 
                        {
                         "x":0,
                         "y":96
                        }, 
                        {
                         "x":-32,
                         "y":64
                        }, 
                        {
                         "x":-32,
                         "y":32
                        }],
                 "rotation":0,
                 "type":"",
                 "visible":true,
                 "width":0,
                 "x":-800,
                 "y":-608
                }, 
                {
                 "height":0,
                 "id":340,
                 "name":"",
                 "polygon":[
                        {
                         "x":0,
                         "y":0
                        }, 
                        {
                         "x":32,
                         "y":0
                        }, 
                        {
                         "x":64,
                         "y":32
                        }, 
                        {
                         "x":64,
                         "y":64
                        }, 
                        {
                         "x":32,
                         "y":96
                        }, 
                        {
                         "x":0,
                         "y":96
                        }, 
                        {
                         "x":-32,
                         "y":64
                        }, 
                        {
                         "x":-32,
                         "y":32
                        }],
                 "rotation":0,
                 "type":"",
                 "visible":true,
                 "width":0,
                 "x":-800,
                 "y":-384
                }, 
                {
                 "height":0,
                 "id":341,
                 "name":"",
                 "polygon":[
                        {
                         "x":0,
                         "y":0
                        }, 
                        {
                         "x":32,
                         "y":0
                        }, 
                        {
                         "x":64,
                         "y":32
                        }, 
                        {
                         "x":64,
                         "y":64
                        }, 
                        {
                         "x":32,
                         "y":96
                        }, 
                        {
                         "x":0,
                         "y":96
                        }, 
                        {
                         "x":-32,
                         "y":64
                        }, 
                        {
                         "x":-32,
                         "y":32
                        }],
                 "rotation":0,
                 "type":"",
                 "visible":true,
                 "width":0,
                 "x":96,
                 "y":-384
                }, 
                {
                 "height":0,
                 "id":342,
                 "name":"",
                 "polygon":[
                        {
                         "x":0,
                         "y":0
                        }, 
                        {
                         "x":32,
                         "y":0
                        }, 
                        {
                         "x":64,
                         "y":32
                        }, 
                        {
                         "x":64,
                         "y":64
                        }, 
                        {
                         "x":32,
                         "y":96
                        }, 
                        {
                         "x":0,
                         "y":96
                        }, 
                        {
                         "x":-32,
                         "y":64
                        }, 
                        {
                         "x":-32,
                         "y":32
                        }],
                 "rotation":0,
                 "type":"",
                 "visible":true,
                 "width":0,
                 "x":96,
                 "y":-608
                }, 
                {
                 "height":0,
                 "id":343,
                 "name":"",
                 "polygon":[
                        {
                         "x":0,
                         "y":0
                        }, 
                        {
                         "x":288,
                         "y":-288
                        }, 
                        {
                         "x":205.714,
                         "y":-288
                        }, 
                        {
                         "x":0,
                         "y":-82.2857
                        }],
                 "rotation":0,
                 "type":"",
                 "visible":true,
                 "width":0,
                 "x":-928,
                 "y":-640
                }, 
                {
                 "height":0,
                 "id":344,
                 "name":"",
                 "polygon":[
                        {
                         "x":0,
                         "y":0
                        }, 
                        {
                         "x":288,
                         "y":288
                        }, 
                        {
                         "x":288,
                         "y":205.714
                        }, 
                        {
                         "x":82.2857,
                         "y":0
                        }],
                 "rotation":0,
                 "type":"",
                 "visible":true,
                 "width":0,
                 "x":-32,
                 "y":-928
                }, 
                {
                 "height":0,
                 "id":345,
                 "name":"",
                 "polygon":[
                        {
                         "x":0,
                         "y":0
                        }, 
                        {
                         "x":-288,
                         "y":-288
                        }, 
                        {
                         "x":-288,
                         "y":-205.714
                        }, 
                        {
                         "x":-82.2857,
                         "y":0
                        }],
                 "rotation":0,
                 "type":"",
                 "visible":true,
                 "width":0,
                 "x":-640,
                 "y":32
                }, 
                {
                 "height":0,
                 "id":346,
                 "name":"",
                 "polygon":[
                        {
                         "x":0,
                         "y":0
                        }, 
                        {
                         "x":288,
                         "y":-288
                        }, 
                        {
                         "x":288,
                         "y":-205.714
                        }, 
                        {
                         "x":82.2857,
                         "y":0
                        }],
                 "rotation":0,
                 "type":"",
                 "visible":true,
                 "width":0,
                 "x":-32,
                 "y":32
                }, 
                {
                 "height":0,
                 "id":352,
                 "name":"",
                 "polygon":[
                        {
                         "x":0,
                         "y":0
                        }, 
                        {
                         "x":32,
                         "y":64
                        }, 
                        {
                         "x":576,
                         "y":64
                        }, 
                        {
                         "x":608,
                         "y":0
                        }],
                 "rotation":0,
                 "type":"",
                 "visible":true,
                 "width":0,
                 "x":-640,
                 "y":32
                }, 
                {
                 "height":0,
                 "id":353,
                 "name":"",
                 "polygon":[
                        {
                         "x":0,
                         "y":0
                        }, 
                        {
                         "x":-64,
                         "y":-32
                        }, 
                        {
                         "x":-64,
                         "y":-352
                        }, 
                        {
                         "x":0,
                         "y":-384
                        }],
                 "rotation":0,
                 "type":"",
                 "visible":true,
                 "width":0,
                 "x":-928,
                 "y":-256
                }, 
                {
                 "height":0,
                 "id":354,
                 "name":"",
                 "polygon":[
                        {
                         "x":0,
                         "y":0
                        }, 
                        {
                         "x":64,
                         "y":32
                        }, 
                        {
                         "x":64,
                         "y":352
                        }, 
                        {
                         "x":0,
                         "y":384
                        }],
                 "rotation":0,
                 "type":"",
                 "visible":true,
                 "width":0,
                 "x":256,
                 "y":-640
                }, 
                {
                 "height":0,
                 "id":355,
                 "name":"",
                 "polygon":[
                        {
                         "x":0,
                         "y":0
                        }, 
                        {
                         "x":32,
                         "y":-64
                        }, 
                        {
                         "x":576,
                         "y":-64
                        }, 
                        {
                         "x":608,
                         "y":0
                        }],
                 "rotation":0,
                 "type":"",
                 "visible":true,
                 "width":0,
                 "x":-640,
                 "y":-928
                }],
         "opacity":1,
         "type":"objectgroup",
         "visible":true,
         "x":0,
         "y":0
        }, 
        {
         "draworder":"topdown",
         "name":"mobs",
         "objects":[
                {
                 "height":0,
                 "id":58,
                 "name":"PLAYER SPAWN",
                 "point":true,
                 "properties":
                    {
                     "mob":"player"
                    },
                 "propertytypes":
                    {
                     "mob":"string"
                    },
                 "rotation":0,
                 "type":"",
                 "visible":true,
                 "width":0,
                 "x":-352,
                 "y":-448
                }, 
                {
                 "height":0,
                 "id":235,
                 "name":"BASIC MOB",
                 "point":true,
                 "properties":
                    {
                     "mob":"basic",
                     "round":"0",
                     "spawnTime":5
                    },
                 "propertytypes":
                    {
                     "mob":"string",
                     "round":"string",
                     "spawnTime":"int"
                    },
                 "rotation":0,
                 "type":"",
                 "visible":true,
                 "width":0,
                 "x":-896,
                 "y":-384
                }, 
                {
                 "height":0,
                 "id":299,
                 "name":"BASIC MOB",
                 "point":true,
                 "properties":
                    {
                     "mob":"basic",
                     "round":"0",
                     "spawnTime":5
                    },
                 "propertytypes":
                    {
                     "mob":"string",
                     "round":"string",
                     "spawnTime":"int"
                    },
                 "rotation":0,
                 "type":"",
                 "visible":true,
                 "width":0,
                 "x":192,
                 "y":-416
                }, 
                {
                 "height":0,
                 "id":300,
                 "name":"BASIC MOB",
                 "point":true,
                 "properties":
                    {
                     "mob":"basic",
                     "round":"0",
                     "spawnTime":5
                    },
                 "propertytypes":
                    {
                     "mob":"string",
                     "round":"string",
                     "spawnTime":"int"
                    },
                 "rotation":0,
                 "type":"",
                 "visible":true,
                 "width":0,
                 "x":-352,
                 "y":0
                }, 
                {
                 "height":0,
                 "id":301,
                 "name":"BASIC MOB",
                 "point":true,
                 "properties":
                    {
                     "mob":"basic",
                     "round":"0",
                     "spawnTime":5
                    },
                 "propertytypes":
                    {
                     "mob":"string",
                     "round":"string",
                     "spawnTime":"int"
                    },
                 "rotation":0,
                 "type":"",
                 "visible":true,
                 "width":0,
                 "x":-352,
                 "y":-864
                }, 
                {
                 "height":0,
                 "id":314,
                 "name":"round1",
                 "point":true,
                 "properties":
                    {
                     "mob":"basic",
                     "round":"1",
                     "spawnTime":5
                    },
                 "propertytypes":
                    {
                     "mob":"string",
                     "round":"string",
                     "spawnTime":"int"
                    },
                 "rotation":0,
                 "type":"",
                 "visible":true,
                 "width":0,
                 "x":192,
                 "y":-448
                }, 
                {
                 "height":0,
                 "id":315,
                 "name":"round1",
                 "point":true,
                 "properties":
                    {
                     "mob":"basic",
                     "round":"1",
                     "spawnTime":5
                    },
                 "propertytypes":
                    {
                     "mob":"string",
                     "round":"string",
                     "spawnTime":"int"
                    },
                 "rotation":0,
                 "type":"",
                 "visible":true,
                 "width":0,
                 "x":-320,
                 "y":0
                }, 
                {
                 "height":0,
                 "id":316,
                 "name":"round1",
                 "point":true,
                 "properties":
                    {
                     "mob":"basic",
                     "round":"1",
                     "spawnTime":5
                    },
                 "propertytypes":
                    {
                     "mob":"string",
                     "round":"string",
                     "spawnTime":"int"
                    },
                 "rotation":0,
                 "type":"",
                 "visible":true,
                 "width":0,
                 "x":-896,
                 "y":-384
                }, 
                {
                 "height":0,
                 "id":317,
                 "name":"round1",
                 "point":true,
                 "properties":
                    {
                     "mob":"basic",
                     "round":"1",
                     "spawnTime":5
                    },
                 "propertytypes":
                    {
                     "mob":"string",
                     "round":"string",
                     "spawnTime":"int"
                    },
                 "rotation":0,
                 "type":"",
                 "visible":true,
                 "width":0,
                 "x":-320,
                 "y":-864
                }, 
                {
                 "height":0,
                 "id":318,
                 "name":"round2",
                 "point":true,
                 "properties":
                    {
                     "mob":"basic",
                     "round":"2",
                     "spawnTime":5
                    },
                 "propertytypes":
                    {
                     "mob":"string",
                     "round":"string",
                     "spawnTime":"int"
                    },
                 "rotation":0,
                 "type":"",
                 "visible":true,
                 "width":0,
                 "x":-352,
                 "y":0
                }, 
                {
                 "height":0,
                 "id":319,
                 "name":"round2",
                 "point":true,
                 "properties":
                    {
                     "mob":"basic",
                     "round":"2",
                     "spawnTime":5
                    },
                 "propertytypes":
                    {
                     "mob":"string",
                     "round":"string",
                     "spawnTime":"int"
                    },
                 "rotation":0,
                 "type":"",
                 "visible":true,
                 "width":0,
                 "x":-896,
                 "y":-448
                }, 
                {
                 "height":0,
                 "id":320,
                 "name":"round2",
                 "point":true,
                 "properties":
                    {
                     "mob":"basic",
                     "round":"2",
                     "spawnTime":5
                    },
                 "propertytypes":
                    {
                     "mob":"string",
                     "round":"string",
                     "spawnTime":"int"
                    },
                 "rotation":0,
                 "type":"",
                 "visible":true,
                 "width":0,
                 "x":-320,
                 "y":-864
                }, 
                {
                 "height":0,
                 "id":321,
                 "name":"round2",
                 "point":true,
                 "properties":
                    {
                     "mob":"basic",
                     "round":"2",
                     "spawnTime":5
                    },
                 "propertytypes":
                    {
                     "mob":"string",
                     "round":"string",
                     "spawnTime":"int"
                    },
                 "rotation":0,
                 "type":"",
                 "visible":true,
                 "width":0,
                 "x":192,
                 "y":-448
                }, 
                {
                 "height":0,
                 "id":322,
                 "name":"round2",
                 "point":true,
                 "properties":
                    {
                     "mob":"basic",
                     "round":"2",
                     "spawnTime":10
                    },
                 "propertytypes":
                    {
                     "mob":"string",
                     "round":"string",
                     "spawnTime":"int"
                    },
                 "rotation":0,
                 "type":"",
                 "visible":true,
                 "width":0,
                 "x":-320,
                 "y":0
                }, 
                {
                 "height":0,
                 "id":323,
                 "name":"round2",
                 "point":true,
                 "properties":
                    {
                     "mob":"basic",
                     "round":"2",
                     "spawnTime":10
                    },
                 "propertytypes":
                    {
                     "mob":"string",
                     "round":"string",
                     "spawnTime":"int"
                    },
                 "rotation":0,
                 "type":"",
                 "visible":true,
                 "width":0,
                 "x":-896,
                 "y":-384
                }, 
                {
                 "height":0,
                 "id":324,
                 "name":"round2",
                 "point":true,
                 "properties":
                    {
                     "mob":"basic",
                     "round":"2",
                     "spawnTime":10
                    },
                 "propertytypes":
                    {
                     "mob":"string",
                     "round":"string",
                     "spawnTime":"int"
                    },
                 "rotation":0,
                 "type":"",
                 "visible":true,
                 "width":0,
                 "x":192,
                 "y":-416
                }, 
                {
                 "height":0,
                 "id":325,
                 "name":"round2",
                 "point":true,
                 "properties":
                    {
                     "mob":"basic",
                     "round":"2",
                     "spawnTime":10
                    },
                 "propertytypes":
                    {
                     "mob":"string",
                     "round":"string",
                     "spawnTime":"int"
                    },
                 "rotation":0,
                 "type":"",
                 "visible":true,
                 "width":0,
                 "x":-352,
                 "y":-864
                }, 
                {
                 "height":0,
                 "id":358,
                 "name":"round1",
                 "point":true,
                 "properties":
                    {
                     "mob":"basic",
                     "round":"1",
                     "spawnTime":5
                    },
                 "propertytypes":
                    {
                     "mob":"string",
                     "round":"string",
                     "spawnTime":"int"
                    },
                 "rotation":0,
                 "type":"",
                 "visible":true,
                 "width":0,
                 "x":-768,
                 "y":-160
                }, 
                {
                 "height":0,
                 "id":359,
                 "name":"round1",
                 "point":true,
                 "properties":
                    {
                     "mob":"basic",
                     "round":"1",
                     "spawnTime":5
                    },
                 "propertytypes":
                    {
                     "mob":"string",
                     "round":"string",
                     "spawnTime":"int"
                    },
                 "rotation":0,
                 "type":"",
                 "visible":true,
                 "width":0,
                 "x":64,
                 "y":-160
                }, 
                {
                 "height":0,
                 "id":360,
                 "name":"round2",
                 "point":true,
                 "properties":
                    {
                     "mob":"basic",
                     "round":"2",
                     "spawnTime":10
                    },
                 "propertytypes":
                    {
                     "mob":"string",
                     "round":"string",
                     "spawnTime":"int"
                    },
                 "rotation":0,
                 "type":"",
                 "visible":true,
                 "width":0,
                 "x":64,
                 "y":-736
                }, 
                {
                 "height":0,
                 "id":361,
                 "name":"round2",
                 "point":true,
                 "properties":
                    {
                     "mob":"basic",
                     "round":"2",
                     "spawnTime":10
                    },
                 "propertytypes":
                    {
                     "mob":"string",
                     "round":"string",
                     "spawnTime":"int"
                    },
                 "rotation":0,
                 "type":"",
                 "visible":true,
                 "width":0,
                 "x":-736,
                 "y":-736
                }],
         "opacity":1,
         "type":"objectgroup",
         "visible":false,
         "x":0,
         "y":0
        }, 
        {
         "draworder":"topdown",
         "name":"navmesh",
         "objects":[],
         "opacity":1,
         "type":"objectgroup",
         "visible":true,
         "x":0,
         "y":0
        }, 
        {
         "draworder":"topdown",
         "name":"Templates",
         "objects":[
                {
                 "height":0,
                 "id":44,
                 "name":"PLAYER SPAWN",
                 "point":true,
                 "properties":
                    {
                     "mob":"player"
                    },
                 "propertytypes":
                    {
                     "mob":"string"
                    },
                 "rotation":0,
                 "type":"",
                 "visible":true,
                 "width":0,
                 "x":-416,
                 "y":-160
                }, 
                {
                 "height":0,
                 "id":46,
                 "name":"BASIC MOB",
                 "point":true,
                 "properties":
                    {
                     "mob":"basic",
                     "spawnTime":5
                    },
                 "propertytypes":
                    {
                     "mob":"string",
                     "spawnTime":"int"
                    },
                 "rotation":0,
                 "type":"",
                 "visible":true,
                 "width":0,
                 "x":-288,
                 "y":-160
                }, 
                {
                 "height":0,
                 "id":47,
                 "name":"CUSTOM WALL",
                 "polygon":[
                        {
                         "x":0,
                         "y":0
                        }, 
                        {
                         "x":32,
                         "y":-96
                        }, 
                        {
                         "x":64,
                         "y":0
                        }],
                 "properties":
                    {
                     "texture":"ice"
                    },
                 "propertytypes":
                    {
                     "texture":"string"
                    },
                 "rotation":0,
                 "type":"",
                 "visible":true,
                 "width":0,
                 "x":-192,
                 "y":-160
                }],
         "opacity":1,
         "type":"objectgroup",
         "visible":false,
         "x":0,
         "y":0
        }],
 "nextobjectid":363,
 "orientation":"orthogonal",
 "renderorder":"right-down",
 "tiledversion":"2017.11.22",
 "tileheight":32,
 "tilesets":[],
 "tilewidth":32,
 "type":"map",
 "version":1,
 "width":16
}