{ "height":16,
 "infinite":true,
 "layers":[
        {
         "chunks":[],
         "height":0,
         "name":"Tile Layer 1",
         "opacity":1,
         "startx":0,
         "starty":0,
         "type":"tilelayer",
         "visible":false,
         "width":0,
         "x":0,
         "y":0
        }, 
        {
         "draworder":"topdown",
         "name":"geometry",
         "objects":[
                {
                 "height":0,
                 "id":268,
                 "name":"",
                 "polygon":[
                        {
                         "x":-90.2564,
                         "y":-107.897
                        }, 
                        {
                         "x":261.744,
                         "y":-107.897
                        }, 
                        {
                         "x":453.744,
                         "y":84.1026
                        }, 
                        {
                         "x":453.744,
                         "y":436.103
                        }, 
                        {
                         "x":261.744,
                         "y":628.103
                        }, 
                        {
                         "x":-90.2564,
                         "y":628.103
                        }, 
                        {
                         "x":-282.256,
                         "y":436.103
                        }, 
                        {
                         "x":-282.256,
                         "y":84.1026
                        }],
                 "rotation":0,
                 "type":"",
                 "visible":true,
                 "width":0,
                 "x":-421.744,
                 "y":-468.103
                }, 
                {
                 "height":0,
                 "id":272,
                 "name":"",
                 "polygon":[
                        {
                         "x":12.3077,
                         "y":38.6272
                        }, 
                        {
                         "x":-83.6923,
                         "y":38.6272
                        }, 
                        {
                         "x":-83.6923,
                         "y":166.627
                        }, 
                        {
                         "x":12.3077,
                         "y":166.627
                        }],
                 "rotation":0,
                 "type":"",
                 "visible":true,
                 "width":0,
                 "x":-812.308,
                 "y":-166.627
                }, 
                {
                 "height":0,
                 "id":273,
                 "name":"",
                 "polygon":[
                        {
                         "x":0,
                         "y":17.2308
                        }, 
                        {
                         "x":96,
                         "y":17.2308
                        }, 
                        {
                         "x":352,
                         "y":-238.769
                        }, 
                        {
                         "x":352,
                         "y":-334.769
                        }, 
                        {
                         "x":0,
                         "y":-334.769
                        }],
                 "rotation":0,
                 "type":"",
                 "visible":true,
                 "width":0,
                 "x":-896,
                 "y":-433.231
                }, 
                {
                 "height":0,
                 "id":275,
                 "name":"",
                 "polygon":[
                        {
                         "x":56.6154,
                         "y":12.3077
                        }, 
                        {
                         "x":312.615,
                         "y":268.308
                        }, 
                        {
                         "x":408.615,
                         "y":268.308
                        }, 
                        {
                         "x":408.615,
                         "y":-83.6923
                        }, 
                        {
                         "x":56.6154,
                         "y":-83.6923
                        }],
                 "rotation":0,
                 "type":"",
                 "visible":true,
                 "width":0,
                 "x":-184.615,
                 "y":-684.308
                }, 
                {
                 "height":0,
                 "id":279,
                 "name":"",
                 "polygon":[
                        {
                         "x":0,
                         "y":32
                        }, 
                        {
                         "x":128,
                         "y":32
                        }, 
                        {
                         "x":128,
                         "y":-64
                        }, 
                        {
                         "x":0,
                         "y":-64
                        }],
                 "rotation":0,
                 "type":"",
                 "visible":true,
                 "width":0,
                 "x":-544,
                 "y":320
                }, 
                {
                 "height":0,
                 "id":280,
                 "name":"",
                 "polygon":[
                        {
                         "x":0,
                         "y":16
                        }, 
                        {
                         "x":256,
                         "y":-240
                        }, 
                        {
                         "x":352,
                         "y":-240
                        }, 
                        {
                         "x":352,
                         "y":112
                        }, 
                        {
                         "x":0,
                         "y":112
                        }],
                 "rotation":0,
                 "type":"",
                 "visible":true,
                 "width":0,
                 "x":-128,
                 "y":240
                }, 
                {
                 "height":0,
                 "id":282,
                 "name":"",
                 "polygon":[
                        {
                         "x":17.2308,
                         "y":32
                        }, 
                        {
                         "x":-334.769,
                         "y":32
                        }, 
                        {
                         "x":-334.769,
                         "y":-320
                        }, 
                        {
                         "x":-238.769,
                         "y":-320
                        }, 
                        {
                         "x":17.2308,
                         "y":-64
                        }],
                 "rotation":0,
                 "type":"",
                 "visible":true,
                 "width":0,
                 "x":-561.231,
                 "y":320
                }, 
                {
                 "height":0,
                 "id":284,
                 "name":"",
                 "rotation":0,
                 "type":"",
                 "visible":true,
                 "width":0,
                 "x":384,
                 "y":224
                }, 
                {
                 "height":0,
                 "id":286,
                 "name":"",
                 "polygon":[
                        {
                         "x":12.3077,
                         "y":6.6272
                        }, 
                        {
                         "x":-83.6923,
                         "y":6.6272
                        }, 
                        {
                         "x":-83.6923,
                         "y":134.627
                        }, 
                        {
                         "x":12.3077,
                         "y":134.627
                        }],
                 "rotation":0,
                 "type":"",
                 "visible":true,
                 "width":0,
                 "x":-812.308,
                 "y":-422.627
                }, 
                {
                 "height":0,
                 "id":287,
                 "name":"",
                 "polygon":[
                        {
                         "x":0,
                         "y":-32
                        }, 
                        {
                         "x":0,
                         "y":128
                        }, 
                        {
                         "x":96,
                         "y":128
                        }, 
                        {
                         "x":32,
                         "y":96
                        }, 
                        {
                         "x":32,
                         "y":0
                        }, 
                        {
                         "x":96,
                         "y":-32
                        }],
                 "rotation":0,
                 "type":"",
                 "visible":true,
                 "width":0,
                 "x":-896,
                 "y":-256
                }, 
                {
                 "height":0,
                 "id":288,
                 "name":"",
                 "polygon":[
                        {
                         "x":12.3077,
                         "y":5.30177
                        }, 
                        {
                         "x":-83.6923,
                         "y":5.30177
                        }, 
                        {
                         "x":-83.6923,
                         "y":133.302
                        }, 
                        {
                         "x":12.3077,
                         "y":133.302
                        }],
                 "rotation":0,
                 "type":"",
                 "visible":true,
                 "width":0,
                 "x":211.692,
                 "y":-421.302
                }, 
                {
                 "height":0,
                 "id":289,
                 "name":"",
                 "polygon":[
                        {
                         "x":12.3077,
                         "y":5.30178
                        }, 
                        {
                         "x":-83.6923,
                         "y":5.30178
                        }, 
                        {
                         "x":-83.6923,
                         "y":133.302
                        }, 
                        {
                         "x":12.3077,
                         "y":133.302
                        }],
                 "rotation":0,
                 "type":"",
                 "visible":true,
                 "width":0,
                 "x":211.692,
                 "y":-133.302
                }, 
                {
                 "height":0,
                 "id":291,
                 "name":"",
                 "polygon":[
                        {
                         "x":0,
                         "y":0
                        }, 
                        {
                         "x":0,
                         "y":160
                        }, 
                        {
                         "x":-96,
                         "y":160
                        }, 
                        {
                         "x":-32,
                         "y":128
                        }, 
                        {
                         "x":-32,
                         "y":32
                        }, 
                        {
                         "x":-96,
                         "y":0
                        }],
                 "rotation":0,
                 "type":"",
                 "visible":true,
                 "width":0,
                 "x":224,
                 "y":-288
                }, 
                {
                 "height":0,
                 "id":293,
                 "name":"",
                 "polygon":[
                        {
                         "x":0,
                         "y":0
                        }, 
                        {
                         "x":0,
                         "y":96
                        }, 
                        {
                         "x":128,
                         "y":96
                        }, 
                        {
                         "x":128,
                         "y":0
                        }],
                 "rotation":0,
                 "type":"",
                 "visible":true,
                 "width":0,
                 "x":-544,
                 "y":-768
                }, 
                {
                 "height":0,
                 "id":294,
                 "name":"",
                 "polygon":[
                        {
                         "x":0,
                         "y":0
                        }, 
                        {
                         "x":0,
                         "y":96
                        }, 
                        {
                         "x":128,
                         "y":96
                        }, 
                        {
                         "x":128,
                         "y":0
                        }],
                 "rotation":0,
                 "type":"",
                 "visible":true,
                 "width":0,
                 "x":-256,
                 "y":-768
                }, 
                {
                 "height":0,
                 "id":295,
                 "name":"",
                 "polygon":[
                        {
                         "x":0,
                         "y":0
                        }, 
                        {
                         "x":160,
                         "y":0
                        }, 
                        {
                         "x":160,
                         "y":96
                        }, 
                        {
                         "x":128,
                         "y":32
                        }, 
                        {
                         "x":32,
                         "y":32
                        }, 
                        {
                         "x":0,
                         "y":96
                        }],
                 "rotation":0,
                 "type":"",
                 "visible":true,
                 "width":0,
                 "x":-416,
                 "y":-768
                }, 
                {
                 "height":0,
                 "id":296,
                 "name":"",
                 "polygon":[
                        {
                         "x":0,
                         "y":32
                        }, 
                        {
                         "x":128,
                         "y":32
                        }, 
                        {
                         "x":128,
                         "y":-64
                        }, 
                        {
                         "x":0,
                         "y":-64
                        }],
                 "rotation":0,
                 "type":"",
                 "visible":true,
                 "width":0,
                 "x":-256,
                 "y":320
                }, 
                {
                 "height":0,
                 "id":297,
                 "name":"",
                 "polygon":[
                        {
                         "x":0,
                         "y":0
                        }, 
                        {
                         "x":160,
                         "y":0
                        }, 
                        {
                         "x":160,
                         "y":-96
                        }, 
                        {
                         "x":128,
                         "y":-32
                        }, 
                        {
                         "x":32,
                         "y":-32
                        }, 
                        {
                         "x":0,
                         "y":-96
                        }],
                 "rotation":0,
                 "type":"",
                 "visible":true,
                 "width":0,
                 "x":-416,
                 "y":352
                }],
         "opacity":1,
         "type":"objectgroup",
         "visible":true,
         "x":0,
         "y":0
        }, 
        {
         "draworder":"topdown",
         "name":"mobs",
         "objects":[
                {
                 "height":0,
                 "id":58,
                 "name":"PLAYER SPAWN",
                 "point":true,
                 "properties":
                    {
                     "mob":"player"
                    },
                 "propertytypes":
                    {
                     "mob":"string"
                    },
                 "rotation":0,
                 "type":"",
                 "visible":true,
                 "width":0,
                 "x":-320,
                 "y":-608
                }, 
                {
                 "height":0,
                 "id":235,
                 "name":"BASIC MOB",
                 "point":true,
                 "properties":
                    {
                     "mob":"basic",
                     "round":"0",
                     "spawnTime":5
                    },
                 "propertytypes":
                    {
                     "mob":"string",
                     "round":"string",
                     "spawnTime":"int"
                    },
                 "rotation":0,
                 "type":"",
                 "visible":true,
                 "width":0,
                 "x":-832,
                 "y":-224
                }, 
                {
                 "height":0,
                 "id":299,
                 "name":"BASIC MOB",
                 "point":true,
                 "properties":
                    {
                     "mob":"basic",
                     "round":"0",
                     "spawnTime":5
                    },
                 "propertytypes":
                    {
                     "mob":"string",
                     "round":"string",
                     "spawnTime":"int"
                    },
                 "rotation":0,
                 "type":"",
                 "visible":true,
                 "width":0,
                 "x":160,
                 "y":-224
                }, 
                {
                 "height":0,
                 "id":300,
                 "name":"BASIC MOB",
                 "point":true,
                 "properties":
                    {
                     "mob":"basic",
                     "round":"0",
                     "spawnTime":5
                    },
                 "propertytypes":
                    {
                     "mob":"string",
                     "round":"string",
                     "spawnTime":"int"
                    },
                 "rotation":0,
                 "type":"",
                 "visible":true,
                 "width":0,
                 "x":-352,
                 "y":288
                }, 
                {
                 "height":0,
                 "id":301,
                 "name":"BASIC MOB",
                 "point":true,
                 "properties":
                    {
                     "mob":"basic",
                     "round":"0",
                     "spawnTime":5
                    },
                 "propertytypes":
                    {
                     "mob":"string",
                     "round":"string",
                     "spawnTime":"int"
                    },
                 "rotation":0,
                 "type":"",
                 "visible":true,
                 "width":0,
                 "x":-352,
                 "y":-672
                }, 
                {
                 "height":0,
                 "id":314,
                 "name":"round1",
                 "point":true,
                 "properties":
                    {
                     "mob":"basic",
                     "round":"1",
                     "spawnTime":5
                    },
                 "propertytypes":
                    {
                     "mob":"string",
                     "round":"string",
                     "spawnTime":"int"
                    },
                 "rotation":0,
                 "type":"",
                 "visible":true,
                 "width":0,
                 "x":160,
                 "y":-192
                }, 
                {
                 "height":0,
                 "id":315,
                 "name":"round1",
                 "point":true,
                 "properties":
                    {
                     "mob":"basic",
                     "round":"1",
                     "spawnTime":5
                    },
                 "propertytypes":
                    {
                     "mob":"string",
                     "round":"string",
                     "spawnTime":"int"
                    },
                 "rotation":0,
                 "type":"",
                 "visible":true,
                 "width":0,
                 "x":-320,
                 "y":288
                }, 
                {
                 "height":0,
                 "id":316,
                 "name":"round1",
                 "point":true,
                 "properties":
                    {
                     "mob":"basic",
                     "round":"1",
                     "spawnTime":5
                    },
                 "propertytypes":
                    {
                     "mob":"string",
                     "round":"string",
                     "spawnTime":"int"
                    },
                 "rotation":0,
                 "type":"",
                 "visible":true,
                 "width":0,
                 "x":-832,
                 "y":-192
                }, 
                {
                 "height":0,
                 "id":317,
                 "name":"round1",
                 "point":true,
                 "properties":
                    {
                     "mob":"basic",
                     "round":"1",
                     "spawnTime":5
                    },
                 "propertytypes":
                    {
                     "mob":"string",
                     "round":"string",
                     "spawnTime":"int"
                    },
                 "rotation":0,
                 "type":"",
                 "visible":true,
                 "width":0,
                 "x":-320,
                 "y":-672
                }, 
                {
                 "height":0,
                 "id":318,
                 "name":"round2",
                 "point":true,
                 "properties":
                    {
                     "mob":"basic",
                     "round":"2",
                     "spawnTime":5
                    },
                 "propertytypes":
                    {
                     "mob":"string",
                     "round":"string",
                     "spawnTime":"int"
                    },
                 "rotation":0,
                 "type":"",
                 "visible":true,
                 "width":0,
                 "x":-352,
                 "y":288
                }, 
                {
                 "height":0,
                 "id":319,
                 "name":"round2",
                 "point":true,
                 "properties":
                    {
                     "mob":"basic",
                     "round":"2",
                     "spawnTime":5
                    },
                 "propertytypes":
                    {
                     "mob":"string",
                     "round":"string",
                     "spawnTime":"int"
                    },
                 "rotation":0,
                 "type":"",
                 "visible":true,
                 "width":0,
                 "x":-832,
                 "y":-224
                }, 
                {
                 "height":0,
                 "id":320,
                 "name":"round2",
                 "point":true,
                 "properties":
                    {
                     "mob":"basic",
                     "round":"2",
                     "spawnTime":5
                    },
                 "propertytypes":
                    {
                     "mob":"string",
                     "round":"string",
                     "spawnTime":"int"
                    },
                 "rotation":0,
                 "type":"",
                 "visible":true,
                 "width":0,
                 "x":-320,
                 "y":-672
                }, 
                {
                 "height":0,
                 "id":321,
                 "name":"round2",
                 "point":true,
                 "properties":
                    {
                     "mob":"basic",
                     "round":"2",
                     "spawnTime":5
                    },
                 "propertytypes":
                    {
                     "mob":"string",
                     "round":"string",
                     "spawnTime":"int"
                    },
                 "rotation":0,
                 "type":"",
                 "visible":true,
                 "width":0,
                 "x":160,
                 "y":-192
                }, 
                {
                 "height":0,
                 "id":322,
                 "name":"round2",
                 "point":true,
                 "properties":
                    {
                     "mob":"basic",
                     "round":"2",
                     "spawnTime":10
                    },
                 "propertytypes":
                    {
                     "mob":"string",
                     "round":"string",
                     "spawnTime":"int"
                    },
                 "rotation":0,
                 "type":"",
                 "visible":true,
                 "width":0,
                 "x":-320,
                 "y":288
                }, 
                {
                 "height":0,
                 "id":323,
                 "name":"round2",
                 "point":true,
                 "properties":
                    {
                     "mob":"basic",
                     "round":"2",
                     "spawnTime":10
                    },
                 "propertytypes":
                    {
                     "mob":"string",
                     "round":"string",
                     "spawnTime":"int"
                    },
                 "rotation":0,
                 "type":"",
                 "visible":true,
                 "width":0,
                 "x":-832,
                 "y":-192
                }, 
                {
                 "height":0,
                 "id":324,
                 "name":"round2",
                 "point":true,
                 "properties":
                    {
                     "mob":"basic",
                     "round":"2",
                     "spawnTime":10
                    },
                 "propertytypes":
                    {
                     "mob":"string",
                     "round":"string",
                     "spawnTime":"int"
                    },
                 "rotation":0,
                 "type":"",
                 "visible":true,
                 "width":0,
                 "x":160,
                 "y":-224
                }, 
                {
                 "height":0,
                 "id":325,
                 "name":"round2",
                 "point":true,
                 "properties":
                    {
                     "mob":"basic",
                     "round":"2",
                     "spawnTime":10
                    },
                 "propertytypes":
                    {
                     "mob":"string",
                     "round":"string",
                     "spawnTime":"int"
                    },
                 "rotation":0,
                 "type":"",
                 "visible":true,
                 "width":0,
                 "x":-352,
                 "y":-672
                }],
         "opacity":1,
         "type":"objectgroup",
         "visible":true,
         "x":0,
         "y":0
        }, 
        {
         "draworder":"topdown",
         "name":"navmesh",
         "objects":[
                {
                 "height":0,
                 "id":302,
                 "name":"",
                 "point":true,
                 "rotation":0,
                 "type":"",
                 "visible":true,
                 "width":0,
                 "x":-352,
                 "y":-640
                }, 
                {
                 "height":0,
                 "id":303,
                 "name":"",
                 "point":true,
                 "rotation":0,
                 "type":"",
                 "visible":true,
                 "width":0,
                 "x":-768,
                 "y":-224
                }, 
                {
                 "height":0,
                 "id":304,
                 "name":"",
                 "point":true,
                 "rotation":0,
                 "type":"",
                 "visible":true,
                 "width":0,
                 "x":-352,
                 "y":224
                }, 
                {
                 "height":0,
                 "id":305,
                 "name":"",
                 "point":true,
                 "rotation":0,
                 "type":"",
                 "visible":true,
                 "width":0,
                 "x":96,
                 "y":-192
                }, 
                {
                 "height":0,
                 "id":306,
                 "name":"",
                 "point":true,
                 "rotation":0,
                 "type":"",
                 "visible":true,
                 "width":0,
                 "x":-736,
                 "y":-416
                }, 
                {
                 "height":0,
                 "id":307,
                 "name":"",
                 "point":true,
                 "rotation":0,
                 "type":"",
                 "visible":true,
                 "width":0,
                 "x":-544,
                 "y":-608
                }, 
                {
                 "height":0,
                 "id":308,
                 "name":"",
                 "point":true,
                 "rotation":0,
                 "type":"",
                 "visible":true,
                 "width":0,
                 "x":-128,
                 "y":-608
                }, 
                {
                 "height":0,
                 "id":309,
                 "name":"",
                 "point":true,
                 "rotation":0,
                 "type":"",
                 "visible":true,
                 "width":0,
                 "x":64,
                 "y":-416
                }, 
                {
                 "height":0,
                 "id":310,
                 "name":"",
                 "point":true,
                 "rotation":0,
                 "type":"",
                 "visible":true,
                 "width":0,
                 "x":64,
                 "y":0
                }, 
                {
                 "height":0,
                 "id":311,
                 "name":"",
                 "point":true,
                 "rotation":0,
                 "type":"",
                 "visible":true,
                 "width":0,
                 "x":-128,
                 "y":192
                }, 
                {
                 "height":0,
                 "id":312,
                 "name":"",
                 "point":true,
                 "rotation":0,
                 "type":"",
                 "visible":true,
                 "width":0,
                 "x":-544,
                 "y":192
                }, 
                {
                 "height":0,
                 "id":313,
                 "name":"",
                 "point":true,
                 "rotation":0,
                 "type":"",
                 "visible":true,
                 "width":0,
                 "x":-736,
                 "y":0
                }],
         "opacity":1,
         "type":"objectgroup",
         "visible":false,
         "x":0,
         "y":0
        }, 
        {
         "draworder":"topdown",
         "name":"Templates",
         "objects":[
                {
                 "height":0,
                 "id":44,
                 "name":"PLAYER SPAWN",
                 "point":true,
                 "properties":
                    {
                     "mob":"player"
                    },
                 "propertytypes":
                    {
                     "mob":"string"
                    },
                 "rotation":0,
                 "type":"",
                 "visible":true,
                 "width":0,
                 "x":-416,
                 "y":-160
                }, 
                {
                 "height":0,
                 "id":46,
                 "name":"BASIC MOB",
                 "point":true,
                 "properties":
                    {
                     "mob":"basic",
                     "spawnTime":5
                    },
                 "propertytypes":
                    {
                     "mob":"string",
                     "spawnTime":"int"
                    },
                 "rotation":0,
                 "type":"",
                 "visible":true,
                 "width":0,
                 "x":-288,
                 "y":-160
                }, 
                {
                 "height":0,
                 "id":47,
                 "name":"CUSTOM WALL",
                 "polygon":[
                        {
                         "x":0,
                         "y":0
                        }, 
                        {
                         "x":32,
                         "y":-96
                        }, 
                        {
                         "x":64,
                         "y":0
                        }],
                 "properties":
                    {
                     "texture":"ice"
                    },
                 "propertytypes":
                    {
                     "texture":"string"
                    },
                 "rotation":0,
                 "type":"",
                 "visible":true,
                 "width":0,
                 "x":-192,
                 "y":-160
                }],
         "opacity":1,
         "type":"objectgroup",
         "visible":false,
         "x":0,
         "y":0
        }],
 "nextobjectid":326,
 "orientation":"orthogonal",
 "renderorder":"right-down",
 "tiledversion":"2017.11.22",
 "tileheight":32,
 "tilesets":[],
 "tilewidth":32,
 "type":"map",
 "version":1,
 "width":16
}