{ "height":16,
 "infinite":true,
 "layers":[
        {
         "chunks":[],
         "height":0,
         "name":"Tile Layer 1",
         "opacity":1,
         "startx":0,
         "starty":0,
         "type":"tilelayer",
         "visible":true,
         "width":0,
         "x":0,
         "y":0
        }, 
        {
         "draworder":"topdown",
         "name":"geometry",
         "objects":[
                {
                 "height":0,
                 "id":17,
                 "name":"",
                 "polygon":[
                        {
                         "x":0,
                         "y":0
                        }, 
                        {
                         "x":131.468,
                         "y":-131.468
                        }, 
                        {
                         "x":130.529,
                         "y":-198.141
                        }, 
                        {
                         "x":0.939055,
                         "y":-196.263
                        }],
                 "properties":
                    {
                     "texture":"ice"
                    },
                 "propertytypes":
                    {
                     "texture":"string"
                    },
                 "rotation":0,
                 "type":"",
                 "visible":true,
                 "width":0,
                 "x":-225,
                 "y":-90
                }, 
                {
                 "height":0,
                 "id":20,
                 "name":"",
                 "polygon":[
                        {
                         "x":0,
                         "y":0
                        }, 
                        {
                         "x":131.468,
                         "y":-131.468
                        }, 
                        {
                         "x":130.529,
                         "y":-198.141
                        }, 
                        {
                         "x":0.939055,
                         "y":-196.263
                        }],
                 "rotation":-180,
                 "type":"",
                 "visible":true,
                 "width":0,
                 "x":192.506,
                 "y":33.806
                }, 
                {
                 "height":0,
                 "id":21,
                 "name":"",
                 "polygon":[
                        {
                         "x":0,
                         "y":-198.141
                        }, 
                        {
                         "x":131.468,
                         "y":-66.673
                        }, 
                        {
                         "x":130.529,
                         "y":0
                        }, 
                        {
                         "x":0.939055,
                         "y":-1.878
                        }],
                 "rotation":180,
                 "type":"",
                 "visible":true,
                 "width":0,
                 "x":194.115,
                 "y":-275.91
                }, 
                {
                 "height":0,
                 "id":22,
                 "name":"",
                 "polygon":[
                        {
                         "x":0,
                         "y":-198.141
                        }, 
                        {
                         "x":131.468,
                         "y":-66.673
                        }, 
                        {
                         "x":130.529,
                         "y":0
                        }, 
                        {
                         "x":0.939055,
                         "y":-1.878
                        }],
                 "rotation":0,
                 "type":"",
                 "visible":true,
                 "width":0,
                 "x":-224.421,
                 "y":223.556
                }],
         "opacity":1,
         "properties":
            {
             "ondeath":"..\/..\/assetloader\/test.mp3"
            },
         "propertytypes":
            {
             "ondeath":"file"
            },
         "type":"objectgroup",
         "visible":true,
         "x":0,
         "y":0
        }, 
        {
         "draworder":"topdown",
         "name":"mobs",
         "objects":[
                {
                 "id":25,
                 "properties":
                    {
                     "spawnTime":23
                    },
                 "propertytypes":
                    {
                     "spawnTime":"int"
                    },
                 "template":"templates.tx",
                 "x":-32,
                 "y":-320
                }, 
                {
                 "height":0,
                 "id":11,
                 "name":"0",
                 "point":true,
                 "properties":
                    {
                     "mob":"player"
                    },
                 "propertytypes":
                    {
                     "mob":"string"
                    },
                 "rotation":0,
                 "type":"",
                 "visible":true,
                 "width":0,
                 "x":0,
                 "y":0
                }],
         "opacity":1,
         "type":"objectgroup",
         "visible":true,
         "x":0,
         "y":0
        }],
 "nextobjectid":28,
 "orientation":"orthogonal",
 "renderorder":"right-down",
 "tiledversion":"2017.11.22",
 "tileheight":32,
 "tilesets":[],
 "tilewidth":32,
 "type":"map",
 "version":1,
 "width":16
}