{ "height":16,
 "infinite":true,
 "layers":[
        {
         "chunks":[],
         "height":0,
         "name":"Tile Layer 1",
         "opacity":1,
         "startx":0,
         "starty":0,
         "type":"tilelayer",
         "visible":true,
         "width":0,
         "x":0,
         "y":0
        }, 
        {
         "draworder":"topdown",
         "name":"geometry",
         "objects":[
                {
                 "height":0,
                 "id":3,
                 "name":"",
                 "polygon":[
                        {
                         "x":0,
                         "y":0
                        }, 
                        {
                         "x":0,
                         "y":-192
                        }, 
                        {
                         "x":128,
                         "y":-192
                        }, 
                        {
                         "x":128,
                         "y":0
                        }],
                 "properties":
                    {
                     "texture":"wall"
                    },
                 "propertytypes":
                    {
                     "texture":"string"
                    },
                 "rotation":0,
                 "type":"",
                 "visible":true,
                 "width":0,
                 "x":256,
                 "y":384
                }, 
                {
                 "height":0,
                 "id":4,
                 "name":"",
                 "polygon":[
                        {
                         "x":0,
                         "y":0
                        }, 
                        {
                         "x":-256,
                         "y":0
                        }, 
                        {
                         "x":-256,
                         "y":-96
                        }, 
                        {
                         "x":0,
                         "y":-96
                        }],
                 "properties":
                    {
                     "texture":"wall"
                    },
                 "propertytypes":
                    {
                     "texture":"string"
                    },
                 "rotation":0,
                 "type":"",
                 "visible":true,
                 "width":0,
                 "x":480,
                 "y":-416
                }, 
                {
                 "height":0,
                 "id":5,
                 "name":"",
                 "polygon":[
                        {
                         "x":0,
                         "y":0
                        }, 
                        {
                         "x":0,
                         "y":192
                        }, 
                        {
                         "x":-96,
                         "y":192
                        }, 
                        {
                         "x":-96,
                         "y":0
                        }],
                 "properties":
                    {
                     "texture":"wall"
                    },
                 "propertytypes":
                    {
                     "texture":"string"
                    },
                 "rotation":0,
                 "type":"",
                 "visible":true,
                 "width":0,
                 "x":-416,
                 "y":-192
                }, 
                {
                 "height":0,
                 "id":7,
                 "name":"",
                 "polygon":[
                        {
                         "x":0,
                         "y":0
                        }, 
                        {
                         "x":128,
                         "y":0
                        }, 
                        {
                         "x":128,
                         "y":64
                        }, 
                        {
                         "x":-128,
                         "y":64
                        }, 
                        {
                         "x":-128,
                         "y":0
                        }],
                 "properties":
                    {
                     "texture":"wall"
                    },
                 "propertytypes":
                    {
                     "texture":"string"
                    },
                 "rotation":0,
                 "type":"",
                 "visible":true,
                 "width":0,
                 "x":96,
                 "y":736
                }, 
                {
                 "height":0,
                 "id":9,
                 "name":"",
                 "polygon":[
                        {
                         "x":0,
                         "y":0
                        }, 
                        {
                         "x":192,
                         "y":-256
                        }, 
                        {
                         "x":192,
                         "y":0
                        }],
                 "properties":
                    {
                     "texture":"wall"
                    },
                 "propertytypes":
                    {
                     "texture":"string"
                    },
                 "rotation":0,
                 "type":"",
                 "visible":true,
                 "width":0,
                 "x":192,
                 "y":736
                }, 
                {
                 "height":0,
                 "id":10,
                 "name":"",
                 "polygon":[
                        {
                         "x":0,
                         "y":0
                        }, 
                        {
                         "x":-192,
                         "y":-224
                        }, 
                        {
                         "x":-192,
                         "y":0
                        }],
                 "properties":
                    {
                     "texture":"wall"
                    },
                 "propertytypes":
                    {
                     "texture":"string"
                    },
                 "rotation":0,
                 "type":"",
                 "visible":true,
                 "width":0,
                 "x":0,
                 "y":736
                }, 
                {
                 "height":0,
                 "id":53,
                 "name":"",
                 "polygon":[
                        {
                         "x":0,
                         "y":0
                        }, 
                        {
                         "x":-160,
                         "y":0
                        }, 
                        {
                         "x":-160,
                         "y":96
                        }, 
                        {
                         "x":0,
                         "y":96
                        }, 
                        {
                         "x":0,
                         "y":192
                        }, 
                        {
                         "x":160,
                         "y":192
                        }, 
                        {
                         "x":160,
                         "y":64
                        }, 
                        {
                         "x":64,
                         "y":64
                        }, 
                        {
                         "x":64,
                         "y":0
                        }, 
                        {
                         "x":0,
                         "y":0
                        }],
                 "properties":
                    {
                     "texture":"wall"
                    },
                 "propertytypes":
                    {
                     "texture":"string"
                    },
                 "rotation":0,
                 "type":"",
                 "visible":true,
                 "width":0,
                 "x":-320,
                 "y":192
                }, 
                {
                 "height":0,
                 "id":56,
                 "name":"",
                 "rotation":0,
                 "type":"",
                 "visible":true,
                 "width":32,
                 "x":352,
                 "y":-512
                }, 
                {
                 "height":0,
                 "id":60,
                 "name":"",
                 "polygon":[
                        {
                         "x":0,
                         "y":0
                        }, 
                        {
                         "x":-256,
                         "y":0
                        }, 
                        {
                         "x":-256,
                         "y":-96
                        }, 
                        {
                         "x":0,
                         "y":-96
                        }],
                 "properties":
                    {
                     "texture":"wall"
                    },
                 "propertytypes":
                    {
                     "texture":"string"
                    },
                 "rotation":0,
                 "type":"",
                 "visible":true,
                 "width":0,
                 "x":-96,
                 "y":-416
                }, 
                {
                 "height":512,
                 "id":62,
                 "name":"",
                 "properties":
                    {
                     "texture":"wall"
                    },
                 "propertytypes":
                    {
                     "texture":"string"
                    },
                 "rotation":0,
                 "type":"",
                 "visible":true,
                 "width":64,
                 "x":544,
                 "y":-256
                }, 
                {
                 "height":0,
                 "id":68,
                 "name":"",
                 "polygon":[
                        {
                         "x":0,
                         "y":0
                        }, 
                        {
                         "x":384,
                         "y":0
                        }, 
                        {
                         "x":512,
                         "y":-160
                        }, 
                        {
                         "x":512,
                         "y":-800
                        }, 
                        {
                         "x":384,
                         "y":-896
                        }, 
                        {
                         "x":96,
                         "y":-896
                        }, 
                        {
                         "x":96,
                         "y":-992
                        }, 
                        {
                         "x":640,
                         "y":-992
                        }, 
                        {
                         "x":640,
                         "y":96
                        }, 
                        {
                         "x":0,
                         "y":96
                        }, 
                        {
                         "x":0,
                         "y":0
                        }],
                 "properties":
                    {
                     "texture":"wall"
                    },
                 "propertytypes":
                    {
                     "texture":"string"
                    },
                 "rotation":0,
                 "type":"",
                 "visible":true,
                 "width":0,
                 "x":384,
                 "y":480
                }, 
                {
                 "height":0,
                 "id":72,
                 "name":"",
                 "polygon":[
                        {
                         "x":0,
                         "y":0
                        }, 
                        {
                         "x":-64,
                         "y":0
                        }, 
                        {
                         "x":-64,
                         "y":160
                        }, 
                        {
                         "x":-224,
                         "y":160
                        }, 
                        {
                         "x":-224,
                         "y":224
                        }, 
                        {
                         "x":0,
                         "y":224
                        }, 
                        {
                         "x":0,
                         "y":0
                        }],
                 "properties":
                    {
                     "texture":"wall"
                    },
                 "propertytypes":
                    {
                     "texture":"string"
                    },
                 "rotation":0,
                 "type":"",
                 "visible":true,
                 "width":0,
                 "x":-192,
                 "y":512
                }, 
                {
                 "height":0,
                 "id":66,
                 "name":"",
                 "polygon":[
                        {
                         "x":0,
                         "y":0
                        }, 
                        {
                         "x":-224,
                         "y":0
                        }, 
                        {
                         "x":-224,
                         "y":-288
                        }, 
                        {
                         "x":-320,
                         "y":-288
                        }, 
                        {
                         "x":-320,
                         "y":-448
                        }, 
                        {
                         "x":-416,
                         "y":-448
                        }, 
                        {
                         "x":-416,
                         "y":96
                        }, 
                        {
                         "x":0,
                         "y":96
                        }, 
                        {
                         "x":0,
                         "y":0
                        }],
                 "properties":
                    {
                     "texture":"wall"
                    },
                 "propertytypes":
                    {
                     "texture":"string"
                    },
                 "rotation":0,
                 "type":"",
                 "visible":true,
                 "width":0,
                 "x":-416,
                 "y":672
                }, 
                {
                 "height":0,
                 "id":67,
                 "name":"",
                 "polygon":[
                        {
                         "x":0,
                         "y":0
                        }, 
                        {
                         "x":0,
                         "y":96
                        }, 
                        {
                         "x":-224,
                         "y":96
                        }, 
                        {
                         "x":-224,
                         "y":480
                        }, 
                        {
                         "x":0,
                         "y":480
                        }, 
                        {
                         "x":0,
                         "y":576
                        }, 
                        {
                         "x":-320,
                         "y":576
                        }, 
                        {
                         "x":-320,
                         "y":0
                        }, 
                        {
                         "x":0,
                         "y":0
                        }],
                 "properties":
                    {
                     "texture":"wall"
                    },
                 "propertytypes":
                    {
                     "texture":"string"
                    },
                 "rotation":0,
                 "type":"",
                 "visible":true,
                 "width":0,
                 "x":-800,
                 "y":-352
                }, 
                {
                 "height":0,
                 "id":70,
                 "name":"",
                 "polygon":[
                        {
                         "x":0,
                         "y":0
                        }, 
                        {
                         "x":0,
                         "y":-96
                        }, 
                        {
                         "x":-512,
                         "y":-96
                        }, 
                        {
                         "x":-512,
                         "y":160
                        }, 
                        {
                         "x":-448,
                         "y":160
                        }, 
                        {
                         "x":-352,
                         "y":32
                        }, 
                        {
                         "x":0,
                         "y":32
                        }],
                 "properties":
                    {
                     "texture":"wall"
                    },
                 "propertytypes":
                    {
                     "texture":"string"
                    },
                 "rotation":0,
                 "type":"",
                 "visible":true,
                 "width":0,
                 "x":-352,
                 "y":-512
                }, 
                {
                 "height":0,
                 "id":143,
                 "name":"",
                 "polygon":[
                        {
                         "x":0,
                         "y":0
                        }, 
                        {
                         "x":64,
                         "y":0
                        }, 
                        {
                         "x":64,
                         "y":-384
                        }, 
                        {
                         "x":0,
                         "y":-384
                        }],
                 "rotation":0,
                 "type":"",
                 "visible":true,
                 "width":0,
                 "x":-96,
                 "y":-416
                }, 
                {
                 "height":0,
                 "id":144,
                 "name":"",
                 "polygon":[
                        {
                         "x":0,
                         "y":0
                        }, 
                        {
                         "x":-64,
                         "y":0
                        }, 
                        {
                         "x":-64,
                         "y":-384
                        }, 
                        {
                         "x":0,
                         "y":-384
                        }],
                 "rotation":0,
                 "type":"",
                 "visible":true,
                 "width":0,
                 "x":224,
                 "y":-416
                }, 
                {
                 "height":0,
                 "id":145,
                 "name":"",
                 "polygon":[
                        {
                         "x":0,
                         "y":0
                        }, 
                        {
                         "x":320,
                         "y":0
                        }, 
                        {
                         "x":320,
                         "y":-64
                        }, 
                        {
                         "x":0,
                         "y":-64
                        }],
                 "rotation":0,
                 "type":"",
                 "visible":true,
                 "width":0,
                 "x":-96,
                 "y":-800
                }],
         "opacity":1,
         "type":"objectgroup",
         "visible":true,
         "x":0,
         "y":0
        }, 
        {
         "draworder":"topdown",
         "name":"mobs",
         "objects":[
                {
                 "height":0,
                 "id":146,
                 "name":"PLAYER SPAWN",
                 "point":true,
                 "properties":
                    {
                     "mob":"player"
                    },
                 "propertytypes":
                    {
                     "mob":"string"
                    },
                 "rotation":0,
                 "type":"",
                 "visible":true,
                 "width":0,
                 "x":64,
                 "y":-576
                }, 
                {
                 "height":0,
                 "id":147,
                 "name":"",
                 "point":true,
                 "properties":
                    {
                     "mob":"basic",
                     "spawnTime":10
                    },
                 "propertytypes":
                    {
                     "mob":"string",
                     "spawnTime":"int"
                    },
                 "rotation":0,
                 "type":"",
                 "visible":true,
                 "width":0,
                 "x":352,
                 "y":-288
                }, 
                {
                 "height":0,
                 "id":148,
                 "name":"",
                 "point":true,
                 "properties":
                    {
                     "mob":"basic",
                     "spawnTime":5
                    },
                 "propertytypes":
                    {
                     "mob":"string",
                     "spawnTime":"int"
                    },
                 "rotation":0,
                 "type":"",
                 "visible":true,
                 "width":0,
                 "x":32,
                 "y":-64
                }, 
                {
                 "height":0,
                 "id":149,
                 "name":"BASIC MOB",
                 "point":true,
                 "properties":
                    {
                     "mob":"basic",
                     "spawnTime":5
                    },
                 "propertytypes":
                    {
                     "mob":"string",
                     "spawnTime":"int"
                    },
                 "rotation":0,
                 "type":"",
                 "visible":true,
                 "width":0,
                 "x":64,
                 "y":576
                }, 
                {
                 "height":0,
                 "id":150,
                 "name":"",
                 "point":true,
                 "properties":
                    {
                     "mob":"basic",
                     "spawnTime":15
                    },
                 "propertytypes":
                    {
                     "mob":"string",
                     "spawnTime":"int"
                    },
                 "rotation":0,
                 "type":"",
                 "visible":true,
                 "width":0,
                 "x":192,
                 "y":576
                }, 
                {
                 "height":0,
                 "id":151,
                 "name":"",
                 "point":true,
                 "properties":
                    {
                     "mob":"basic",
                     "spawnTime":20
                    },
                 "propertytypes":
                    {
                     "mob":"string",
                     "spawnTime":"int"
                    },
                 "rotation":0,
                 "type":"",
                 "visible":true,
                 "width":0,
                 "x":96,
                 "y":-64
                }, 
                {
                 "height":0,
                 "id":152,
                 "name":"",
                 "point":true,
                 "properties":
                    {
                     "mob":"basic",
                     "spawnTime":10
                    },
                 "propertytypes":
                    {
                     "mob":"string",
                     "spawnTime":"int"
                    },
                 "rotation":0,
                 "type":"",
                 "visible":true,
                 "width":0,
                 "x":-320,
                 "y":-32
                }, 
                {
                 "height":0,
                 "id":153,
                 "name":"",
                 "point":true,
                 "properties":
                    {
                     "mob":"basic",
                     "spawnTime":10
                    },
                 "propertytypes":
                    {
                     "mob":"string",
                     "spawnTime":"int"
                    },
                 "rotation":0,
                 "type":"",
                 "visible":true,
                 "width":0,
                 "x":-864,
                 "y":0
                }, 
                {
                 "height":0,
                 "id":154,
                 "name":"",
                 "point":true,
                 "properties":
                    {
                     "mob":"basic",
                     "spawnTime":10
                    },
                 "propertytypes":
                    {
                     "mob":"string",
                     "spawnTime":"int"
                    },
                 "rotation":0,
                 "type":"",
                 "visible":true,
                 "width":0,
                 "x":128,
                 "y":640
                }, 
                {
                 "height":0,
                 "id":155,
                 "name":"",
                 "point":true,
                 "properties":
                    {
                     "mob":"basic",
                     "spawnTime":10
                    },
                 "propertytypes":
                    {
                     "mob":"string",
                     "spawnTime":"int"
                    },
                 "rotation":0,
                 "type":"",
                 "visible":true,
                 "width":0,
                 "x":-320,
                 "y":576
                }, 
                {
                 "height":0,
                 "id":156,
                 "name":"BASIC MOB",
                 "point":true,
                 "properties":
                    {
                     "mob":"basic",
                     "spawnTime":5
                    },
                 "propertytypes":
                    {
                     "mob":"string",
                     "spawnTime":"int"
                    },
                 "rotation":0,
                 "type":"",
                 "visible":true,
                 "width":0,
                 "x":-832,
                 "y":64
                }, 
                {
                 "height":0,
                 "id":157,
                 "name":"BASIC MOB",
                 "point":true,
                 "properties":
                    {
                     "mob":"basic",
                     "spawnTime":5
                    },
                 "propertytypes":
                    {
                     "mob":"string",
                     "spawnTime":"int"
                    },
                 "rotation":0,
                 "type":"",
                 "visible":true,
                 "width":0,
                 "x":-896,
                 "y":-96
                }, 
                {
                 "height":0,
                 "id":158,
                 "name":"BASIC MOB",
                 "point":true,
                 "properties":
                    {
                     "mob":"basic",
                     "spawnTime":5
                    },
                 "propertytypes":
                    {
                     "mob":"string",
                     "spawnTime":"int"
                    },
                 "rotation":0,
                 "type":"",
                 "visible":true,
                 "width":0,
                 "x":608,
                 "y":448
                }, 
                {
                 "height":0,
                 "id":159,
                 "name":"BASIC MOB",
                 "point":true,
                 "properties":
                    {
                     "mob":"basic",
                     "spawnTime":5
                    },
                 "propertytypes":
                    {
                     "mob":"string",
                     "spawnTime":"int"
                    },
                 "rotation":0,
                 "type":"",
                 "visible":true,
                 "width":0,
                 "x":768,
                 "y":-128
                }, 
                {
                 "height":0,
                 "id":160,
                 "name":"BASIC MOB 2",
                 "point":true,
                 "properties":
                    {
                     "mob":"basic",
                     "round":1,
                     "spawnTime":5
                    },
                 "propertytypes":
                    {
                     "mob":"string",
                     "round":"int",
                     "spawnTime":"int"
                    },
                 "rotation":0,
                 "type":"",
                 "visible":true,
                 "width":0,
                 "x":-736,
                 "y":-32
                }, 
                {
                 "height":0,
                 "id":161,
                 "name":"BASIC MOB 2",
                 "point":true,
                 "properties":
                    {
                     "mob":"basic",
                     "round":1,
                     "spawnTime":5
                    },
                 "propertytypes":
                    {
                     "mob":"string",
                     "round":"int",
                     "spawnTime":"int"
                    },
                 "rotation":0,
                 "type":"",
                 "visible":true,
                 "width":0,
                 "x":-608,
                 "y":96
                }, 
                {
                 "height":0,
                 "id":162,
                 "name":"BASIC MOB 2",
                 "point":true,
                 "properties":
                    {
                     "mob":"basic",
                     "round":1,
                     "spawnTime":5
                    },
                 "propertytypes":
                    {
                     "mob":"string",
                     "round":"int",
                     "spawnTime":"int"
                    },
                 "rotation":0,
                 "type":"",
                 "visible":true,
                 "width":0,
                 "x":-512,
                 "y":544
                }, 
                {
                 "height":0,
                 "id":163,
                 "name":"BASIC MOB 2",
                 "point":true,
                 "properties":
                    {
                     "mob":"basic",
                     "round":1,
                     "spawnTime":5
                    },
                 "propertytypes":
                    {
                     "mob":"string",
                     "round":"int",
                     "spawnTime":"int"
                    },
                 "rotation":0,
                 "type":"",
                 "visible":true,
                 "width":0,
                 "x":-32,
                 "y":544
                }, 
                {
                 "height":0,
                 "id":164,
                 "name":"BASIC MOB 2",
                 "point":true,
                 "properties":
                    {
                     "mob":"basic",
                     "round":1,
                     "spawnTime":5
                    },
                 "propertytypes":
                    {
                     "mob":"string",
                     "round":"int",
                     "spawnTime":"int"
                    },
                 "rotation":0,
                 "type":"",
                 "visible":true,
                 "width":0,
                 "x":672,
                 "y":352
                }, 
                {
                 "height":0,
                 "id":165,
                 "name":"BASIC MOB 2",
                 "point":true,
                 "properties":
                    {
                     "mob":"basic",
                     "round":1,
                     "spawnTime":5
                    },
                 "propertytypes":
                    {
                     "mob":"string",
                     "round":"int",
                     "spawnTime":"int"
                    },
                 "rotation":0,
                 "type":"",
                 "visible":true,
                 "width":0,
                 "x":736,
                 "y":32
                }, 
                {
                 "height":0,
                 "id":166,
                 "name":"BASIC MOB 2",
                 "point":true,
                 "properties":
                    {
                     "mob":"basic",
                     "round":1,
                     "spawnTime":20
                    },
                 "propertytypes":
                    {
                     "mob":"string",
                     "round":"int",
                     "spawnTime":"int"
                    },
                 "rotation":0,
                 "type":"",
                 "visible":true,
                 "width":0,
                 "x":96,
                 "y":-128
                }, 
                {
                 "height":0,
                 "id":167,
                 "name":"BASIC MOB 2",
                 "point":true,
                 "properties":
                    {
                     "mob":"basic",
                     "round":1,
                     "spawnTime":20
                    },
                 "propertytypes":
                    {
                     "mob":"string",
                     "round":"int",
                     "spawnTime":"int"
                    },
                 "rotation":0,
                 "type":"",
                 "visible":true,
                 "width":0,
                 "x":32,
                 "y":-128
                }, 
                {
                 "height":0,
                 "id":168,
                 "name":"BASIC MOB 2",
                 "point":true,
                 "properties":
                    {
                     "mob":"basic",
                     "round":1,
                     "spawnTime":20
                    },
                 "propertytypes":
                    {
                     "mob":"string",
                     "round":"int",
                     "spawnTime":"int"
                    },
                 "rotation":0,
                 "type":"",
                 "visible":true,
                 "width":0,
                 "x":32,
                 "y":0
                }, 
                {
                 "height":0,
                 "id":169,
                 "name":"BASIC MOB 2",
                 "point":true,
                 "properties":
                    {
                     "mob":"basic",
                     "round":1,
                     "spawnTime":20
                    },
                 "propertytypes":
                    {
                     "mob":"string",
                     "round":"int",
                     "spawnTime":"int"
                    },
                 "rotation":0,
                 "type":"",
                 "visible":true,
                 "width":0,
                 "x":128,
                 "y":0
                }, 
                {
                 "height":0,
                 "id":170,
                 "name":"BASIC MOB 2",
                 "point":true,
                 "properties":
                    {
                     "mob":"basic",
                     "round":1,
                     "spawnTime":20
                    },
                 "propertytypes":
                    {
                     "mob":"string",
                     "round":"int",
                     "spawnTime":"int"
                    },
                 "rotation":0,
                 "type":"",
                 "visible":true,
                 "width":0,
                 "x":-608,
                 "y":-384
                }, 
                {
                 "height":0,
                 "id":171,
                 "name":"BASIC MOB 2",
                 "point":true,
                 "properties":
                    {
                     "mob":"basic",
                     "round":2,
                     "spawnTime":5
                    },
                 "propertytypes":
                    {
                     "mob":"string",
                     "round":"int",
                     "spawnTime":"int"
                    },
                 "rotation":0,
                 "type":"",
                 "visible":true,
                 "width":0,
                 "x":-640,
                 "y":-288
                }, 
                {
                 "height":0,
                 "id":172,
                 "name":"BASIC MOB 2",
                 "point":true,
                 "properties":
                    {
                     "mob":"basic",
                     "round":2,
                     "spawnTime":5
                    },
                 "propertytypes":
                    {
                     "mob":"string",
                     "round":"int",
                     "spawnTime":"int"
                    },
                 "rotation":0,
                 "type":"",
                 "visible":true,
                 "width":0,
                 "x":-740,
                 "y":-128
                }, 
                {
                 "height":0,
                 "id":173,
                 "name":"BASIC MOB 2",
                 "point":true,
                 "properties":
                    {
                     "mob":"basic",
                     "round":2,
                     "spawnTime":5
                    },
                 "propertytypes":
                    {
                     "mob":"string",
                     "round":"int",
                     "spawnTime":"int"
                    },
                 "rotation":0,
                 "type":"",
                 "visible":true,
                 "width":0,
                 "x":-704,
                 "y":160
                }, 
                {
                 "height":0,
                 "id":174,
                 "name":"BASIC MOB 2",
                 "point":true,
                 "properties":
                    {
                     "mob":"basic",
                     "round":2,
                     "spawnTime":5
                    },
                 "propertytypes":
                    {
                     "mob":"string",
                     "round":"int",
                     "spawnTime":"int"
                    },
                 "rotation":0,
                 "type":"",
                 "visible":true,
                 "width":0,
                 "x":-544,
                 "y":416
                }, 
                {
                 "height":0,
                 "id":175,
                 "name":"BASIC MOB 2",
                 "point":true,
                 "properties":
                    {
                     "mob":"basic",
                     "round":2,
                     "spawnTime":5
                    },
                 "propertytypes":
                    {
                     "mob":"string",
                     "round":"int",
                     "spawnTime":"int"
                    },
                 "rotation":0,
                 "type":"",
                 "visible":true,
                 "width":0,
                 "x":32,
                 "y":608
                }, 
                {
                 "height":0,
                 "id":176,
                 "name":"BASIC MOB 2",
                 "point":true,
                 "properties":
                    {
                     "mob":"basic",
                     "round":2,
                     "spawnTime":5
                    },
                 "propertytypes":
                    {
                     "mob":"string",
                     "round":"int",
                     "spawnTime":"int"
                    },
                 "rotation":0,
                 "type":"",
                 "visible":true,
                 "width":0,
                 "x":736,
                 "y":160
                }, 
                {
                 "height":0,
                 "id":177,
                 "name":"BASIC MOB 2",
                 "point":true,
                 "properties":
                    {
                     "mob":"basic",
                     "round":2,
                     "spawnTime":5
                    },
                 "propertytypes":
                    {
                     "mob":"string",
                     "round":"int",
                     "spawnTime":"int"
                    },
                 "rotation":0,
                 "type":"",
                 "visible":true,
                 "width":0,
                 "x":736,
                 "y":352
                }, 
                {
                 "height":0,
                 "id":178,
                 "name":"BASIC MOB 2",
                 "point":true,
                 "properties":
                    {
                     "mob":"basic",
                     "round":2,
                     "spawnTime":20
                    },
                 "propertytypes":
                    {
                     "mob":"string",
                     "round":"int",
                     "spawnTime":"int"
                    },
                 "rotation":0,
                 "type":"",
                 "visible":true,
                 "width":0,
                 "x":736,
                 "y":-320
                }, 
                {
                 "height":0,
                 "id":179,
                 "name":"BASIC MOB 2",
                 "point":true,
                 "properties":
                    {
                     "mob":"basic",
                     "round":2,
                     "spawnTime":20
                    },
                 "propertytypes":
                    {
                     "mob":"string",
                     "round":"int",
                     "spawnTime":"int"
                    },
                 "rotation":0,
                 "type":"",
                 "visible":true,
                 "width":0,
                 "x":-320,
                 "y":-288
                }, 
                {
                 "height":0,
                 "id":180,
                 "name":"BASIC MOB 2",
                 "point":true,
                 "properties":
                    {
                     "mob":"basic",
                     "round":2,
                     "spawnTime":20
                    },
                 "propertytypes":
                    {
                     "mob":"string",
                     "round":"int",
                     "spawnTime":"int"
                    },
                 "rotation":0,
                 "type":"",
                 "visible":true,
                 "width":0,
                 "x":-288,
                 "y":128
                }, 
                {
                 "height":0,
                 "id":181,
                 "name":"BASIC MOB 2",
                 "point":true,
                 "properties":
                    {
                     "mob":"basic",
                     "round":2,
                     "spawnTime":20
                    },
                 "propertytypes":
                    {
                     "mob":"string",
                     "round":"int",
                     "spawnTime":"int"
                    },
                 "rotation":0,
                 "type":"",
                 "visible":true,
                 "width":0,
                 "x":416,
                 "y":-288
                }, 
                {
                 "height":0,
                 "id":182,
                 "name":"BASIC MOB 2",
                 "point":true,
                 "properties":
                    {
                     "mob":"basic",
                     "round":2,
                     "spawnTime":20
                    },
                 "propertytypes":
                    {
                     "mob":"string",
                     "round":"int",
                     "spawnTime":"int"
                    },
                 "rotation":0,
                 "type":"",
                 "visible":true,
                 "width":0,
                 "x":384,
                 "y":128
                }, 
                {
                 "height":0,
                 "id":183,
                 "name":"BASIC MOB 2",
                 "point":true,
                 "properties":
                    {
                     "mob":"basic",
                     "round":2,
                     "spawnTime":20
                    },
                 "propertytypes":
                    {
                     "mob":"string",
                     "round":"int",
                     "spawnTime":"int"
                    },
                 "rotation":0,
                 "type":"",
                 "visible":true,
                 "width":0,
                 "x":64,
                 "y":320
                }, 
                {
                 "height":0,
                 "id":184,
                 "name":"BASIC MOB 2",
                 "point":true,
                 "properties":
                    {
                     "mob":"basic",
                     "round":2,
                     "spawnTime":20
                    },
                 "propertytypes":
                    {
                     "mob":"string",
                     "round":"int",
                     "spawnTime":"int"
                    },
                 "rotation":0,
                 "type":"",
                 "visible":true,
                 "width":0,
                 "x":-608,
                 "y":-64
                }],
         "opacity":1,
         "type":"objectgroup",
         "visible":true,
         "x":0,
         "y":0
        }, 
        {
         "draworder":"topdown",
         "name":"navmesh",
         "objects":[
                {
                 "height":0,
                 "id":77,
                 "name":"",
                 "point":true,
                 "rotation":0,
                 "type":"",
                 "visible":true,
                 "width":0,
                 "x":1446.11948632049,
                 "y":142.378559463987
                }, 
                {
                 "height":0,
                 "id":78,
                 "name":"",
                 "point":true,
                 "rotation":0,
                 "type":"",
                 "visible":true,
                 "width":0,
                 "x":96,
                 "y":256
                }, 
                {
                 "height":0,
                 "id":79,
                 "name":"",
                 "point":true,
                 "rotation":0,
                 "type":"",
                 "visible":true,
                 "width":0,
                 "x":-704,
                 "y":-128
                }, 
                {
                 "height":0,
                 "id":80,
                 "name":"",
                 "point":true,
                 "rotation":0,
                 "type":"",
                 "visible":true,
                 "width":0,
                 "x":736,
                 "y":352
                }, 
                {
                 "height":0,
                 "id":81,
                 "name":"",
                 "point":true,
                 "rotation":0,
                 "type":"",
                 "visible":true,
                 "width":0,
                 "x":0,
                 "y":480
                }, 
                {
                 "height":0,
                 "id":82,
                 "name":"",
                 "point":true,
                 "rotation":0,
                 "type":"",
                 "visible":true,
                 "width":0,
                 "x":-576,
                 "y":320
                }, 
                {
                 "height":0,
                 "id":83,
                 "name":"",
                 "point":true,
                 "rotation":0,
                 "type":"",
                 "visible":true,
                 "width":0,
                 "x":128,
                 "y":576
                }, 
                {
                 "height":0,
                 "id":84,
                 "name":"",
                 "point":true,
                 "rotation":0,
                 "type":"",
                 "visible":true,
                 "width":0,
                 "x":-256,
                 "y":-224
                }, 
                {
                 "height":0,
                 "id":85,
                 "name":"",
                 "point":true,
                 "rotation":0,
                 "type":"",
                 "visible":true,
                 "width":0,
                 "x":288,
                 "y":-224
                }, 
                {
                 "height":0,
                 "id":86,
                 "name":"",
                 "point":true,
                 "rotation":0,
                 "type":"",
                 "visible":true,
                 "width":0,
                 "x":96,
                 "y":-288
                }, 
                {
                 "height":0,
                 "id":87,
                 "name":"",
                 "point":true,
                 "rotation":0,
                 "type":"",
                 "visible":true,
                 "width":0,
                 "x":-256,
                 "y":64
                }, 
                {
                 "height":0,
                 "id":88,
                 "name":"",
                 "point":true,
                 "rotation":0,
                 "type":"",
                 "visible":true,
                 "width":0,
                 "x":416,
                 "y":128
                }, 
                {
                 "height":0,
                 "id":89,
                 "name":"",
                 "point":true,
                 "rotation":0,
                 "type":"",
                 "visible":true,
                 "width":0,
                 "x":-640,
                 "y":128
                }, 
                {
                 "height":0,
                 "id":90,
                 "name":"",
                 "point":true,
                 "rotation":0,
                 "type":"",
                 "visible":true,
                 "width":0,
                 "x":-864,
                 "y":0
                }, 
                {
                 "height":0,
                 "id":91,
                 "name":"",
                 "point":true,
                 "rotation":0,
                 "type":"",
                 "visible":true,
                 "width":0,
                 "x":448,
                 "y":-160
                }, 
                {
                 "height":0,
                 "id":92,
                 "name":"",
                 "point":true,
                 "rotation":0,
                 "type":"",
                 "visible":true,
                 "width":0,
                 "x":768,
                 "y":-192
                }, 
                {
                 "height":0,
                 "id":93,
                 "name":"",
                 "point":true,
                 "rotation":0,
                 "type":"",
                 "visible":true,
                 "width":0,
                 "x":-576,
                 "y":-320
                }, 
                {
                 "height":0,
                 "id":94,
                 "name":"",
                 "point":true,
                 "rotation":0,
                 "type":"",
                 "visible":true,
                 "width":0,
                 "x":128,
                 "y":-128
                }, 
                {
                 "height":0,
                 "id":95,
                 "name":"",
                 "point":true,
                 "rotation":0,
                 "type":"",
                 "visible":true,
                 "width":0,
                 "x":64,
                 "y":-640
                }, 
                {
                 "height":0,
                 "id":96,
                 "name":"",
                 "point":true,
                 "rotation":0,
                 "type":"",
                 "visible":true,
                 "width":0,
                 "x":-64,
                 "y":96
                }, 
                {
                 "height":0,
                 "id":97,
                 "name":"",
                 "point":true,
                 "rotation":0,
                 "type":"",
                 "visible":true,
                 "width":0,
                 "x":128,
                 "y":96
                }],
         "opacity":1,
         "type":"objectgroup",
         "visible":false,
         "x":0,
         "y":0
        }, 
        {
         "draworder":"topdown",
         "name":"Templates",
         "objects":[],
         "opacity":1,
         "type":"objectgroup",
         "visible":false,
         "x":0,
         "y":0
        }],
 "nextobjectid":207,
 "orientation":"orthogonal",
 "renderorder":"right-down",
 "tiledversion":"2017.11.22",
 "tileheight":32,
 "tilesets":[],
 "tilewidth":32,
 "type":"map",
 "version":1,
 "width":16
}