{ "height":16,
 "infinite":true,
 "layers":[
        {
         "chunks":[],
         "height":0,
         "name":"Tile Layer 1",
         "opacity":1,
         "startx":0,
         "starty":0,
         "type":"tilelayer",
         "visible":false,
         "width":0,
         "x":0,
         "y":0
        }, 
        {
         "draworder":"topdown",
         "name":"geometry",
         "objects":[
                {
                 "height":0,
                 "id":363,
                 "name":"",
                 "polygon":[
                        {
                         "x":0,
                         "y":0
                        }, 
                        {
                         "x":256,
                         "y":0
                        }, 
                        {
                         "x":256,
                         "y":64
                        }, 
                        {
                         "x":0,
                         "y":64
                        }],
                 "rotation":0,
                 "type":"",
                 "visible":true,
                 "width":0,
                 "x":-224,
                 "y":288
                }, 
                {
                 "height":0,
                 "id":364,
                 "name":"",
                 "polygon":[
                        {
                         "x":0,
                         "y":0
                        }, 
                        {
                         "x":64,
                         "y":0
                        }, 
                        {
                         "x":64,
                         "y":-192
                        }, 
                        {
                         "x":0,
                         "y":-192
                        }],
                 "rotation":0,
                 "type":"",
                 "visible":true,
                 "width":0,
                 "x":-32,
                 "y":288
                }, 
                {
                 "height":0,
                 "id":365,
                 "name":"",
                 "polygon":[
                        {
                         "x":0,
                         "y":0
                        }, 
                        {
                         "x":-64,
                         "y":0
                        }, 
                        {
                         "x":-64,
                         "y":-192
                        }, 
                        {
                         "x":0,
                         "y":-192
                        }],
                 "rotation":0,
                 "type":"",
                 "visible":true,
                 "width":0,
                 "x":-160,
                 "y":288
                }, 
                {
                 "height":0,
                 "id":366,
                 "name":"",
                 "polygon":[
                        {
                         "x":0,
                         "y":0
                        }, 
                        {
                         "x":64,
                         "y":64
                        }, 
                        {
                         "x":64,
                         "y":0
                        }],
                 "rotation":0,
                 "type":"",
                 "visible":true,
                 "width":0,
                 "x":-32,
                 "y":-96
                }, 
                {
                 "height":0,
                 "id":367,
                 "name":"",
                 "polygon":[
                        {
                         "x":0,
                         "y":0
                        }, 
                        {
                         "x":64,
                         "y":-64
                        }, 
                        {
                         "x":0,
                         "y":-64
                        }],
                 "rotation":0,
                 "type":"",
                 "visible":true,
                 "width":0,
                 "x":-224,
                 "y":-32
                }, 
                {
                 "height":0,
                 "id":373,
                 "name":"",
                 "polygon":[
                        {
                         "x":0,
                         "y":0
                        }, 
                        {
                         "x":-32,
                         "y":0
                        }, 
                        {
                         "x":-32,
                         "y":-448
                        }, 
                        {
                         "x":0,
                         "y":-448
                        }],
                 "rotation":0,
                 "type":"",
                 "visible":true,
                 "width":0,
                 "x":-224,
                 "y":96
                }, 
                {
                 "height":0,
                 "id":374,
                 "name":"",
                 "polygon":[
                        {
                         "x":0,
                         "y":0
                        }, 
                        {
                         "x":96,
                         "y":0
                        }, 
                        {
                         "x":96,
                         "y":-64
                        }, 
                        {
                         "x":0,
                         "y":-64
                        }],
                 "rotation":0,
                 "type":"",
                 "visible":true,
                 "width":0,
                 "x":-256,
                 "y":-352
                }, 
                {
                 "height":0,
                 "id":375,
                 "name":"",
                 "polygon":[
                        {
                         "x":0,
                         "y":0
                        }, 
                        {
                         "x":32,
                         "y":0
                        }, 
                        {
                         "x":32,
                         "y":-448
                        }, 
                        {
                         "x":0,
                         "y":-448
                        }],
                 "rotation":0,
                 "type":"",
                 "visible":true,
                 "width":0,
                 "x":32,
                 "y":96
                }, 
                {
                 "height":0,
                 "id":376,
                 "name":"",
                 "polygon":[
                        {
                         "x":0,
                         "y":0
                        }, 
                        {
                         "x":-96,
                         "y":0
                        }, 
                        {
                         "x":-96,
                         "y":-64
                        }, 
                        {
                         "x":0,
                         "y":-64
                        }],
                 "rotation":0,
                 "type":"",
                 "visible":true,
                 "width":0,
                 "x":64,
                 "y":-352
                }, 
                {
                 "height":0,
                 "id":377,
                 "name":"",
                 "polygon":[
                        {
                         "x":0,
                         "y":0
                        }, 
                        {
                         "x":32,
                         "y":-32
                        }, 
                        {
                         "x":0,
                         "y":-32
                        }],
                 "rotation":0,
                 "type":"",
                 "visible":true,
                 "width":0,
                 "x":-160,
                 "y":-416
                }, 
                {
                 "height":0,
                 "id":378,
                 "name":"",
                 "polygon":[
                        {
                         "x":0,
                         "y":0
                        }, 
                        {
                         "x":32,
                         "y":32
                        }, 
                        {
                         "x":32,
                         "y":0
                        }],
                 "rotation":0,
                 "type":"",
                 "visible":true,
                 "width":0,
                 "x":-64,
                 "y":-448
                }, 
                {
                 "height":0,
                 "id":380,
                 "name":"",
                 "polygon":[
                        {
                         "x":0,
                         "y":0
                        }, 
                        {
                         "x":-32,
                         "y":0
                        }, 
                        {
                         "x":-32,
                         "y":-96
                        }, 
                        {
                         "x":96,
                         "y":-96
                        }, 
                        {
                         "x":96,
                         "y":0
                        }, 
                        {
                         "x":64,
                         "y":0
                        }, 
                        {
                         "x":32,
                         "y":-64
                        }, 
                        {
                         "x":32,
                         "y":-64
                        }],
                 "rotation":0,
                 "type":"",
                 "visible":true,
                 "width":0,
                 "x":-128,
                 "y":-448
                }, 
                {
                 "height":0,
                 "id":389,
                 "name":"",
                 "polygon":[
                        {
                         "x":0,
                         "y":0
                        }, 
                        {
                         "x":0,
                         "y":160
                        }, 
                        {
                         "x":224,
                         "y":160
                        }, 
                        {
                         "x":224,
                         "y":0
                        }],
                 "properties":
                    {
                     "texture":"tut_ricochet"
                    },
                 "propertytypes":
                    {
                     "texture":"string"
                    },
                 "rotation":0,
                 "type":"",
                 "visible":true,
                 "width":0,
                 "x":-512,
                 "y":-288
                }, 
                {
                 "height":0,
                 "id":390,
                 "name":"",
                 "polygon":[
                        {
                         "x":0,
                         "y":0
                        }, 
                        {
                         "x":0,
                         "y":224
                        }, 
                        {
                         "x":224,
                         "y":224
                        }, 
                        {
                         "x":224,
                         "y":0
                        }],
                 "properties":
                    {
                     "texture":"tut_enemy"
                    },
                 "propertytypes":
                    {
                     "texture":"string"
                    },
                 "rotation":0,
                 "type":"",
                 "visible":true,
                 "width":0,
                 "x":64,
                 "y":-416
                }, 
                {
                 "height":0,
                 "id":391,
                 "name":"",
                 "polygon":[
                        {
                         "x":0,
                         "y":0
                        }, 
                        {
                         "x":0,
                         "y":224
                        }, 
                        {
                         "x":224,
                         "y":224
                        }, 
                        {
                         "x":224,
                         "y":0
                        }],
                 "properties":
                    {
                     "texture":"tut_boost"
                    },
                 "propertytypes":
                    {
                     "texture":"string"
                    },
                 "rotation":0,
                 "type":"",
                 "visible":true,
                 "width":0,
                 "x":96,
                 "y":128
                }, 
                {
                 "height":0,
                 "id":392,
                 "name":"",
                 "polygon":[
                        {
                         "x":0,
                         "y":0
                        }, 
                        {
                         "x":0,
                         "y":224
                        }, 
                        {
                         "x":224,
                         "y":224
                        }, 
                        {
                         "x":224,
                         "y":0
                        }],
                 "properties":
                    {
                     "texture":"tut_wasd"
                    },
                 "propertytypes":
                    {
                     "texture":"string"
                    },
                 "rotation":0,
                 "type":"",
                 "visible":true,
                 "width":0,
                 "x":-544,
                 "y":128
                }, 
                {
                 "height":0,
                 "id":393,
                 "name":"",
                 "polygon":[
                        {
                         "x":0,
                         "y":0
                        }, 
                        {
                         "x":32,
                         "y":0
                        }, 
                        {
                         "x":32,
                         "y":64
                        }, 
                        {
                         "x":0,
                         "y":64
                        }],
                 "rotation":0,
                 "type":"",
                 "visible":true,
                 "width":0,
                 "x":32,
                 "y":96
                }, 
                {
                 "height":0,
                 "id":394,
                 "name":"",
                 "polygon":[
                        {
                         "x":0,
                         "y":0
                        }, 
                        {
                         "x":32,
                         "y":0
                        }, 
                        {
                         "x":32,
                         "y":64
                        }, 
                        {
                         "x":0,
                         "y":64
                        }],
                 "rotation":0,
                 "type":"",
                 "visible":true,
                 "width":0,
                 "x":-256,
                 "y":96
                }, 
                {
                 "height":0,
                 "id":397,
                 "name":"",
                 "polygon":[
                        {
                         "x":0,
                         "y":0
                        }, 
                        {
                         "x":-32,
                         "y":32
                        }, 
                        {
                         "x":0,
                         "y":64
                        }, 
                        {
                         "x":32,
                         "y":32
                        }],
                 "rotation":0,
                 "type":"",
                 "visible":true,
                 "width":0,
                 "x":-96,
                 "y":-256
                }],
         "opacity":1,
         "type":"objectgroup",
         "visible":true,
         "x":0,
         "y":0
        }, 
        {
         "draworder":"topdown",
         "name":"mobs",
         "objects":[
                {
                 "height":0,
                 "id":58,
                 "name":"PLAYER SPAWN",
                 "point":true,
                 "properties":
                    {
                     "mob":"player"
                    },
                 "propertytypes":
                    {
                     "mob":"string"
                    },
                 "rotation":0,
                 "type":"",
                 "visible":true,
                 "width":0,
                 "x":-96,
                 "y":256
                }, 
                {
                 "height":0,
                 "id":388,
                 "name":"tutorial",
                 "point":true,
                 "properties":
                    {
                     "mob":"basic"
                    },
                 "propertytypes":
                    {
                     "mob":"string"
                    },
                 "rotation":0,
                 "type":"",
                 "visible":true,
                 "width":0,
                 "x":-96,
                 "y":-480
                }],
         "opacity":1,
         "type":"objectgroup",
         "visible":true,
         "x":0,
         "y":0
        }, 
        {
         "draworder":"topdown",
         "name":"navmesh",
         "objects":[
                {
                 "height":0,
                 "id":381,
                 "name":"",
                 "point":true,
                 "rotation":0,
                 "type":"",
                 "visible":true,
                 "width":0,
                 "x":-128,
                 "y":-576
                }, 
                {
                 "height":0,
                 "id":382,
                 "name":"",
                 "point":true,
                 "rotation":0,
                 "type":"",
                 "visible":true,
                 "width":0,
                 "x":-64,
                 "y":-576
                }, 
                {
                 "height":0,
                 "id":383,
                 "name":"",
                 "point":true,
                 "rotation":0,
                 "type":"",
                 "visible":true,
                 "width":0,
                 "x":-192,
                 "y":-512
                }, 
                {
                 "height":0,
                 "id":384,
                 "name":"",
                 "point":true,
                 "rotation":0,
                 "type":"",
                 "visible":true,
                 "width":0,
                 "x":0,
                 "y":-512
                }, 
                {
                 "height":0,
                 "id":385,
                 "name":"",
                 "point":true,
                 "rotation":0,
                 "type":"",
                 "visible":true,
                 "width":0,
                 "x":-192,
                 "y":-480
                }, 
                {
                 "height":0,
                 "id":386,
                 "name":"",
                 "point":true,
                 "rotation":0,
                 "type":"",
                 "visible":true,
                 "width":0,
                 "x":0,
                 "y":-480
                }],
         "opacity":1,
         "type":"objectgroup",
         "visible":true,
         "x":0,
         "y":0
        }, 
        {
         "draworder":"topdown",
         "name":"Templates",
         "objects":[
                {
                 "height":0,
                 "id":44,
                 "name":"PLAYER SPAWN",
                 "point":true,
                 "properties":
                    {
                     "mob":"player"
                    },
                 "propertytypes":
                    {
                     "mob":"string"
                    },
                 "rotation":0,
                 "type":"",
                 "visible":true,
                 "width":0,
                 "x":-416,
                 "y":-160
                }, 
                {
                 "height":0,
                 "id":46,
                 "name":"BASIC MOB",
                 "point":true,
                 "properties":
                    {
                     "mob":"basic",
                     "spawnTime":5
                    },
                 "propertytypes":
                    {
                     "mob":"string",
                     "spawnTime":"int"
                    },
                 "rotation":0,
                 "type":"",
                 "visible":true,
                 "width":0,
                 "x":-288,
                 "y":-160
                }, 
                {
                 "height":0,
                 "id":47,
                 "name":"CUSTOM WALL",
                 "polygon":[
                        {
                         "x":0,
                         "y":0
                        }, 
                        {
                         "x":32,
                         "y":-96
                        }, 
                        {
                         "x":64,
                         "y":0
                        }],
                 "properties":
                    {
                     "texture":"ice"
                    },
                 "propertytypes":
                    {
                     "texture":"string"
                    },
                 "rotation":0,
                 "type":"",
                 "visible":true,
                 "width":0,
                 "x":-192,
                 "y":-160
                }],
         "opacity":1,
         "type":"objectgroup",
         "visible":false,
         "x":0,
         "y":0
        }],
 "nextobjectid":400,
 "orientation":"orthogonal",
 "renderorder":"right-down",
 "tiledversion":"2017.11.22",
 "tileheight":32,
 "tilesets":[],
 "tilewidth":32,
 "type":"map",
 "version":1,
 "width":16
}