{ "height":16,
 "infinite":true,
 "layers":[
        {
         "chunks":[],
         "height":0,
         "name":"Tile Layer 1",
         "opacity":1,
         "startx":0,
         "starty":0,
         "type":"tilelayer",
         "visible":true,
         "width":0,
         "x":0,
         "y":0
        }, 
        {
         "draworder":"topdown",
         "name":"geometry",
         "objects":[
                {
                 "height":0,
                 "id":54,
                 "name":"",
                 "polygon":[
                        {
                         "x":0,
                         "y":0
                        }, 
                        {
                         "x":0,
                         "y":192
                        }, 
                        {
                         "x":384,
                         "y":192
                        }, 
                        {
                         "x":384,
                         "y":0
                        }],
                 "rotation":0,
                 "type":"",
                 "visible":true,
                 "width":0,
                 "x":-256,
                 "y":0
                }, 
                {
                 "height":0,
                 "id":55,
                 "name":"",
                 "polygon":[
                        {
                         "x":0,
                         "y":0
                        }, 
                        {
                         "x":0,
                         "y":288
                        }, 
                        {
                         "x":224,
                         "y":288
                        }, 
                        {
                         "x":224,
                         "y":0
                        }],
                 "rotation":0,
                 "type":"",
                 "visible":true,
                 "width":0,
                 "x":256,
                 "y":-480
                }, 
                {
                 "height":0,
                 "id":56,
                 "name":"",
                 "polygon":[
                        {
                         "x":0,
                         "y":0
                        }, 
                        {
                         "x":-64,
                         "y":192
                        }, 
                        {
                         "x":64,
                         "y":288
                        }, 
                        {
                         "x":160,
                         "y":160
                        }, 
                        {
                         "x":128,
                         "y":32
                        }, 
                        {
                         "x":192,
                         "y":0
                        }, 
                        {
                         "x":192,
                         "y":-32
                        }],
                 "properties":
                    {
                     "texture":"ice"
                    },
                 "propertytypes":
                    {
                     "texture":"string"
                    },
                 "rotation":0,
                 "type":"",
                 "visible":true,
                 "width":0,
                 "x":-224,
                 "y":-704
                }],
         "opacity":1,
         "type":"objectgroup",
         "visible":true,
         "x":0,
         "y":0
        }, 
        {
         "draworder":"topdown",
         "name":"mobs",
         "objects":[
                {
                 "height":0,
                 "id":59,
                 "name":"SPAWN",
                 "point":true,
                 "properties":
                    {
                     "details":"ONLY PUT ONE OF THESE PER LEVEL",
                     "mob":"player"
                    },
                 "propertytypes":
                    {
                     "details":"string",
                     "mob":"string"
                    },
                 "rotation":0,
                 "type":"",
                 "visible":true,
                 "width":0,
                 "x":128,
                 "y":-192
                }, 
                {
                 "height":0,
                 "id":64,
                 "name":"BASIC MOB",
                 "point":true,
                 "properties":
                    {
                     "mob":"basic",
                     "spawnTime":5
                    },
                 "propertytypes":
                    {
                     "mob":"string",
                     "spawnTime":"int"
                    },
                 "rotation":0,
                 "type":"",
                 "visible":true,
                 "width":0,
                 "x":-480,
                 "y":-256
                }, 
                {
                 "height":0,
                 "id":65,
                 "name":"BASIC MOB",
                 "point":true,
                 "properties":
                    {
                     "mob":"basic",
                     "spawnTime":5
                    },
                 "propertytypes":
                    {
                     "mob":"string",
                     "spawnTime":"int"
                    },
                 "rotation":0,
                 "type":"",
                 "visible":true,
                 "width":0,
                 "x":320,
                 "y":-672
                }, 
                {
                 "height":0,
                 "id":66,
                 "name":"BASIC MOB",
                 "point":true,
                 "properties":
                    {
                     "mob":"basic",
                     "spawnTime":5
                    },
                 "propertytypes":
                    {
                     "mob":"string",
                     "spawnTime":"int"
                    },
                 "rotation":0,
                 "type":"",
                 "visible":true,
                 "width":0,
                 "x":288,
                 "y":32
                }, 
                {
                 "height":0,
                 "id":67,
                 "name":"BASIC MOB",
                 "point":true,
                 "properties":
                    {
                     "mob":"basic",
                     "spawnTime":5
                    },
                 "propertytypes":
                    {
                     "mob":"string",
                     "spawnTime":"int"
                    },
                 "rotation":0,
                 "type":"",
                 "visible":true,
                 "width":0,
                 "x":-448,
                 "y":32
                }, 
                {
                 "height":0,
                 "id":68,
                 "name":"BASIC MOB",
                 "point":true,
                 "properties":
                    {
                     "mob":"basic",
                     "spawnTime":5
                    },
                 "propertytypes":
                    {
                     "mob":"string",
                     "spawnTime":"int"
                    },
                 "rotation":0,
                 "type":"",
                 "visible":true,
                 "width":0,
                 "x":256,
                 "y":224
                }, 
                {
                 "height":0,
                 "id":69,
                 "name":"BASIC MOB",
                 "point":true,
                 "properties":
                    {
                     "mob":"basic",
                     "spawnTime":5
                    },
                 "propertytypes":
                    {
                     "mob":"string",
                     "spawnTime":"int"
                    },
                 "rotation":0,
                 "type":"",
                 "visible":true,
                 "width":0,
                 "x":-64,
                 "y":288
                }, 
                {
                 "height":0,
                 "id":70,
                 "name":"BASIC MOB",
                 "point":true,
                 "properties":
                    {
                     "mob":"basic",
                     "spawnTime":5
                    },
                 "propertytypes":
                    {
                     "mob":"string",
                     "spawnTime":"int"
                    },
                 "rotation":0,
                 "type":"",
                 "visible":true,
                 "width":0,
                 "x":544,
                 "y":-288
                }, 
                {
                 "height":0,
                 "id":71,
                 "name":"BASIC MOB",
                 "point":true,
                 "properties":
                    {
                     "mob":"basic",
                     "spawnTime":5
                    },
                 "propertytypes":
                    {
                     "mob":"string",
                     "spawnTime":"int"
                    },
                 "rotation":0,
                 "type":"",
                 "visible":true,
                 "width":0,
                 "x":64,
                 "y":-768
                }],
         "opacity":1,
         "type":"objectgroup",
         "visible":true,
         "x":0,
         "y":0
        }, 
        {
         "draworder":"topdown",
         "name":"navmesh",
         "objects":[
                {
                 "height":0,
                 "id":72,
                 "name":"",
                 "point":true,
                 "rotation":0,
                 "type":"",
                 "visible":true,
                 "width":0,
                 "x":32,
                 "y":-512
                }, 
                {
                 "height":0,
                 "id":73,
                 "name":"",
                 "point":true,
                 "rotation":0,
                 "type":"",
                 "visible":true,
                 "width":0,
                 "x":0,
                 "y":-416
                }, 
                {
                 "height":0,
                 "id":74,
                 "name":"",
                 "point":true,
                 "rotation":0,
                 "type":"",
                 "visible":true,
                 "width":0,
                 "x":-64,
                 "y":-256
                }, 
                {
                 "height":0,
                 "id":75,
                 "name":"",
                 "point":true,
                 "rotation":0,
                 "type":"",
                 "visible":true,
                 "width":0,
                 "x":-224,
                 "y":-288
                }, 
                {
                 "height":0,
                 "id":76,
                 "name":"",
                 "point":true,
                 "rotation":0,
                 "type":"",
                 "visible":true,
                 "width":0,
                 "x":-320,
                 "y":-256
                }, 
                {
                 "height":0,
                 "id":77,
                 "name":"",
                 "point":true,
                 "rotation":0,
                 "type":"",
                 "visible":true,
                 "width":0,
                 "x":-224,
                 "y":-128
                }, 
                {
                 "height":0,
                 "id":78,
                 "name":"",
                 "point":true,
                 "rotation":0,
                 "type":"",
                 "visible":true,
                 "width":0,
                 "x":0,
                 "y":-128
                }, 
                {
                 "height":0,
                 "id":79,
                 "name":"",
                 "point":true,
                 "rotation":0,
                 "type":"",
                 "visible":true,
                 "width":0,
                 "x":96,
                 "y":-288
                }, 
                {
                 "height":0,
                 "id":80,
                 "name":"",
                 "point":true,
                 "rotation":0,
                 "type":"",
                 "visible":true,
                 "width":0,
                 "x":160,
                 "y":-384
                }, 
                {
                 "height":0,
                 "id":81,
                 "name":"",
                 "point":true,
                 "rotation":0,
                 "type":"",
                 "visible":true,
                 "width":0,
                 "x":128,
                 "y":-544
                }, 
                {
                 "height":0,
                 "id":82,
                 "name":"",
                 "point":true,
                 "rotation":0,
                 "type":"",
                 "visible":true,
                 "width":0,
                 "x":480,
                 "y":-576
                }, 
                {
                 "height":0,
                 "id":83,
                 "name":"",
                 "point":true,
                 "rotation":0,
                 "type":"",
                 "visible":true,
                 "width":0,
                 "x":544,
                 "y":-160
                }, 
                {
                 "height":0,
                 "id":84,
                 "name":"",
                 "point":true,
                 "rotation":0,
                 "type":"",
                 "visible":true,
                 "width":0,
                 "x":480,
                 "y":96
                }, 
                {
                 "height":0,
                 "id":85,
                 "name":"",
                 "point":true,
                 "rotation":0,
                 "type":"",
                 "visible":true,
                 "width":0,
                 "x":-352,
                 "y":160
                }, 
                {
                 "height":0,
                 "id":86,
                 "name":"",
                 "point":true,
                 "rotation":0,
                 "type":"",
                 "visible":true,
                 "width":0,
                 "x":-576,
                 "y":-128
                }, 
                {
                 "height":0,
                 "id":87,
                 "name":"",
                 "point":true,
                 "rotation":0,
                 "type":"",
                 "visible":true,
                 "width":0,
                 "x":-512,
                 "y":-384
                }, 
                {
                 "height":0,
                 "id":88,
                 "name":"",
                 "point":true,
                 "rotation":0,
                 "type":"",
                 "visible":true,
                 "width":0,
                 "x":-512,
                 "y":-512
                }, 
                {
                 "height":0,
                 "id":89,
                 "name":"",
                 "point":true,
                 "rotation":0,
                 "type":"",
                 "visible":true,
                 "width":0,
                 "x":-384,
                 "y":-544
                }, 
                {
                 "height":0,
                 "id":90,
                 "name":"",
                 "point":true,
                 "rotation":0,
                 "type":"",
                 "visible":true,
                 "width":0,
                 "x":-192,
                 "y":-832
                }, 
                {
                 "height":0,
                 "id":92,
                 "name":"",
                 "point":true,
                 "rotation":0,
                 "type":"",
                 "visible":true,
                 "width":0,
                 "x":-64,
                 "y":-832
                }, 
                {
                 "height":0,
                 "id":93,
                 "name":"",
                 "point":true,
                 "rotation":0,
                 "type":"",
                 "visible":true,
                 "width":0,
                 "x":-320,
                 "y":-768
                }, 
                {
                 "height":0,
                 "id":94,
                 "name":"",
                 "point":true,
                 "rotation":0,
                 "type":"",
                 "visible":true,
                 "width":0,
                 "x":64,
                 "y":-640
                }, 
                {
                 "height":0,
                 "id":95,
                 "name":"",
                 "point":true,
                 "rotation":0,
                 "type":"",
                 "visible":true,
                 "width":0,
                 "x":0,
                 "y":-608
                }],
         "opacity":1,
         "type":"objectgroup",
         "visible":true,
         "x":0,
         "y":0
        }, 
        {
         "draworder":"topdown",
         "name":"Templates",
         "objects":[
                {
                 "height":0,
                 "id":44,
                 "name":"PLAYER SPAWN",
                 "point":true,
                 "properties":
                    {
                     "mob":"player"
                    },
                 "propertytypes":
                    {
                     "mob":"string"
                    },
                 "rotation":0,
                 "type":"",
                 "visible":true,
                 "width":0,
                 "x":-416,
                 "y":-160
                }, 
                {
                 "height":0,
                 "id":47,
                 "name":"CUSTOM WALL",
                 "polygon":[
                        {
                         "x":0,
                         "y":0
                        }, 
                        {
                         "x":32,
                         "y":-96
                        }, 
                        {
                         "x":64,
                         "y":0
                        }],
                 "properties":
                    {
                     "texture":"ice"
                    },
                 "propertytypes":
                    {
                     "texture":"string"
                    },
                 "rotation":0,
                 "type":"",
                 "visible":true,
                 "width":0,
                 "x":-192,
                 "y":-96
                }, 
                {
                 "height":0,
                 "id":49,
                 "name":"",
                 "point":true,
                 "properties":
                    {
                     "details":"ONLY PUT ONE OF THESE PER LEVEL",
                     "mob":"player"
                    },
                 "propertytypes":
                    {
                     "details":"string",
                     "mob":"string"
                    },
                 "rotation":0,
                 "type":"",
                 "visible":true,
                 "width":0,
                 "x":-416,
                 "y":-160
                }, 
                {
                 "height":0,
                 "id":53,
                 "name":"BASIC MOB",
                 "point":true,
                 "properties":
                    {
                     "mob":"basic",
                     "spawnTime":5
                    },
                 "propertytypes":
                    {
                     "mob":"string",
                     "spawnTime":"int"
                    },
                 "rotation":0,
                 "type":"",
                 "visible":true,
                 "width":0,
                 "x":-288,
                 "y":-160
                }],
         "opacity":1,
         "type":"objectgroup",
         "visible":false,
         "x":0,
         "y":0
        }],
 "nextobjectid":96,
 "orientation":"orthogonal",
 "renderorder":"right-down",
 "tiledversion":"2017.11.22",
 "tileheight":32,
 "tilesets":[],
 "tilewidth":32,
 "type":"map",
 "version":1,
 "width":16
}