{
  "basicMineInactive": "assets/basic_mine.png",
  "basicMineActive": "assets/basic_mine_activated.png",
  "frostMineInactive": "assets/frost_mine.png",
  "frostMineActive": "assets/frost_mine_activated.png",
  "incendiaryMineInactive": "assets/incendiary_mine.png",
  "incendiaryMineActive": "assets/incendiary_mine_activated.png",
  "basicEnemy": "assets/enemy_basic.png",
  "player": "assets/player_char.png",
  "floor": "assets/floor_texture_1.png",
  "floor2": "assets/floor_texture_2.png",
  "wall": "assets/wall_texture.png",
  "ice": "assets/terrain_frozen_overlay.png",
  "logo": "assets/mine_games_logo.png",
  "crosshair": "assets/crosshairs.png",
  "boostBar": "assets/boost_bar.png",
  "buttonStatic": "assets/button_static.png",
  "buttonHover": "assets/button_hover.png",
  "buttonClicked": "assets/button_clicked.png",
  "tut_enemy": "assets/tut_enemy.png",
  "tut_boost": "assets/tut_left.png",
  "tut_ricochet": "assets/tut_ricochet.png",
  "tut_wasd": "assets/tut_wasd.png"
}
